﻿<?xml version="1.0" encoding="utf-8"?>
<helpItems schema="maml" xmlns="http://msh">
  <command:command xmlns:maml="http://schemas.microsoft.com/maml/2004/10" xmlns:command="http://schemas.microsoft.com/maml/dev/command/2004/10" xmlns:dev="http://schemas.microsoft.com/maml/dev/2004/10" xmlns:MSHelp="http://msdn.microsoft.com/mshelp">
    <command:details>
      <command:name>Get-CPCode</command:name>
      <command:verb>Get</command:verb>
      <command:noun>CPCode</command:noun>
      <maml:description>
        <maml:para>Get a CP code.</maml:para>
      </maml:description>
    </command:details>
    <maml:description>
      <maml:para>Gets all CP codes or returns a specific CP code by its ID available within your account and contract.</maml:para>
    </maml:description>
    <command:syntax>
      <command:syntaxItem>
        <maml:name>Get-CPCode</maml:name>
        <command:parameter required="false" variableLength="true" globbing="false" pipelineInput="False" position="named" aliases="none">
          <maml:name>AccountSwitchKey</maml:name>
          <maml:description>
            <maml:para>An account credential key that lets you move between accounts when using an API client enabled for multiple accounts. To find account switch keys, use Get-AccountSwitchKey (https://techdocs.akamai.com/powershell/docs/get-accountswitchkey).</maml:para>
          </maml:description>
          <command:parameterValue required="true" variableLength="false">String</command:parameterValue>
          <dev:type>
            <maml:name>String</maml:name>
            <maml:uri />
          </dev:type>
          <dev:defaultValue>None</dev:defaultValue>
        </command:parameter>
        <command:parameter required="true" variableLength="true" globbing="false" pipelineInput="False" position="named" aliases="none">
          <maml:name>CPCodeID</maml:name>
          <maml:description>
            <maml:para>Your CP code's ID.</maml:para>
          </maml:description>
          <command:parameterValue required="true" variableLength="false">Int32</command:parameterValue>
          <dev:type>
            <maml:name>Int32</maml:name>
            <maml:uri />
          </dev:type>
          <dev:defaultValue>None</dev:defaultValue>
        </command:parameter>
        <command:parameter required="false" variableLength="true" globbing="false" pipelineInput="False" position="named" aliases="none">
          <maml:name>EdgeRCFile</maml:name>
          <maml:description>
            <maml:para>Your EdgeGrid resource file to authenticate your command. Defaults to `~/.edgerc`.</maml:para>
          </maml:description>
          <command:parameterValue required="true" variableLength="false">String</command:parameterValue>
          <dev:type>
            <maml:name>String</maml:name>
            <maml:uri />
          </dev:type>
          <dev:defaultValue>None</dev:defaultValue>
        </command:parameter>
        <command:parameter required="false" variableLength="true" globbing="false" pipelineInput="False" position="named" aliases="none">
          <maml:name>Section</maml:name>
          <maml:description>
            <maml:para>The section name in your EdgeGrid resource file to retrieve authentication credentials from. Defaults to `default`.</maml:para>
          </maml:description>
          <command:parameterValue required="true" variableLength="false">String</command:parameterValue>
          <dev:type>
            <maml:name>String</maml:name>
            <maml:uri />
          </dev:type>
          <dev:defaultValue>None</dev:defaultValue>
        </command:parameter>
      </command:syntaxItem>
      <command:syntaxItem>
        <maml:name>Get-CPCode</maml:name>
        <command:parameter required="false" variableLength="true" globbing="false" pipelineInput="False" position="named" aliases="none">
          <maml:name>AccountSwitchKey</maml:name>
          <maml:description>
            <maml:para>An account credential key that lets you move between accounts when using an API client enabled for multiple accounts. To find account switch keys, use Get-AccountSwitchKey (https://techdocs.akamai.com/powershell/docs/get-accountswitchkey).</maml:para>
          </maml:description>
          <command:parameterValue required="true" variableLength="false">String</command:parameterValue>
          <dev:type>
            <maml:name>String</maml:name>
            <maml:uri />
          </dev:type>
          <dev:defaultValue>None</dev:defaultValue>
        </command:parameter>
        <command:parameter required="false" variableLength="true" globbing="false" pipelineInput="False" position="named" aliases="none">
          <maml:name>ContractID</maml:name>
          <maml:description>
            <maml:para>The ID of the contract to filter data by. Include this optional parameter to narrow down the results to a specific contract only.</maml:para>
          </maml:description>
          <command:parameterValue required="true" variableLength="false">String</command:parameterValue>
          <dev:type>
            <maml:name>String</maml:name>
            <maml:uri />
          </dev:type>
          <dev:defaultValue>None</dev:defaultValue>
        </command:parameter>
        <command:parameter required="false" variableLength="true" globbing="false" pipelineInput="False" position="named" aliases="none">
          <maml:name>EdgeRCFile</maml:name>
          <maml:description>
            <maml:para>Your EdgeGrid resource file to authenticate your command. Defaults to `~/.edgerc`.</maml:para>
          </maml:description>
          <command:parameterValue required="true" variableLength="false">String</command:parameterValue>
          <dev:type>
            <maml:name>String</maml:name>
            <maml:uri />
          </dev:type>
          <dev:defaultValue>None</dev:defaultValue>
        </command:parameter>
        <command:parameter required="false" variableLength="true" globbing="false" pipelineInput="False" position="named" aliases="none">
          <maml:name>GroupID</maml:name>
          <maml:description>
            <maml:para>The ID of the access group to filter data by. Include this optional parameter to narrow down the results to a specific access group only.</maml:para>
          </maml:description>
          <command:parameterValue required="true" variableLength="false">String</command:parameterValue>
          <dev:type>
            <maml:name>String</maml:name>
            <maml:uri />
          </dev:type>
          <dev:defaultValue>None</dev:defaultValue>
        </command:parameter>
        <command:parameter required="false" variableLength="true" globbing="false" pipelineInput="False" position="named" aliases="none">
          <maml:name>Name</maml:name>
          <maml:description>
            <maml:para>The name of the CP code to filter data by. Include this optional parameter to narrow down the results to a specific CP code name only.</maml:para>
          </maml:description>
          <command:parameterValue required="true" variableLength="false">String</command:parameterValue>
          <dev:type>
            <maml:name>String</maml:name>
            <maml:uri />
          </dev:type>
          <dev:defaultValue>None</dev:defaultValue>
        </command:parameter>
        <command:parameter required="false" variableLength="true" globbing="false" pipelineInput="False" position="named" aliases="none">
          <maml:name>ProductID</maml:name>
          <maml:description>
            <maml:para>Identifies the product or service to filter data by. Include this optional parameter to narrow down the results to a specific product only.</maml:para>
          </maml:description>
          <command:parameterValue required="true" variableLength="false">String</command:parameterValue>
          <dev:type>
            <maml:name>String</maml:name>
            <maml:uri />
          </dev:type>
          <dev:defaultValue>None</dev:defaultValue>
        </command:parameter>
        <command:parameter required="false" variableLength="true" globbing="false" pipelineInput="False" position="named" aliases="none">
          <maml:name>Section</maml:name>
          <maml:description>
            <maml:para>The section name in your EdgeGrid resource file to retrieve authentication credentials from. Defaults to `default`.</maml:para>
          </maml:description>
          <command:parameterValue required="true" variableLength="false">String</command:parameterValue>
          <dev:type>
            <maml:name>String</maml:name>
            <maml:uri />
          </dev:type>
          <dev:defaultValue>None</dev:defaultValue>
        </command:parameter>
      </command:syntaxItem>
    </command:syntax>
    <command:parameters>
      <command:parameter required="false" variableLength="true" globbing="false" pipelineInput="False" position="named" aliases="none">
        <maml:name>AccountSwitchKey</maml:name>
        <maml:description>
          <maml:para>An account credential key that lets you move between accounts when using an API client enabled for multiple accounts. To find account switch keys, use Get-AccountSwitchKey (https://techdocs.akamai.com/powershell/docs/get-accountswitchkey).</maml:para>
        </maml:description>
        <command:parameterValue required="true" variableLength="false">String</command:parameterValue>
        <dev:type>
          <maml:name>String</maml:name>
          <maml:uri />
        </dev:type>
        <dev:defaultValue>None</dev:defaultValue>
      </command:parameter>
      <command:parameter required="true" variableLength="true" globbing="false" pipelineInput="False" position="named" aliases="none">
        <maml:name>CPCodeID</maml:name>
        <maml:description>
          <maml:para>Your CP code's ID.</maml:para>
        </maml:description>
        <command:parameterValue required="true" variableLength="false">Int32</command:parameterValue>
        <dev:type>
          <maml:name>Int32</maml:name>
          <maml:uri />
        </dev:type>
        <dev:defaultValue>None</dev:defaultValue>
      </command:parameter>
      <command:parameter required="false" variableLength="true" globbing="false" pipelineInput="False" position="named" aliases="none">
        <maml:name>ContractID</maml:name>
        <maml:description>
          <maml:para>The ID of the contract to filter data by. Include this optional parameter to narrow down the results to a specific contract only.</maml:para>
        </maml:description>
        <command:parameterValue required="true" variableLength="false">String</command:parameterValue>
        <dev:type>
          <maml:name>String</maml:name>
          <maml:uri />
        </dev:type>
        <dev:defaultValue>None</dev:defaultValue>
      </command:parameter>
      <command:parameter required="false" variableLength="true" globbing="false" pipelineInput="False" position="named" aliases="none">
        <maml:name>EdgeRCFile</maml:name>
        <maml:description>
          <maml:para>Your EdgeGrid resource file to authenticate your command. Defaults to `~/.edgerc`.</maml:para>
        </maml:description>
        <command:parameterValue required="true" variableLength="false">String</command:parameterValue>
        <dev:type>
          <maml:name>String</maml:name>
          <maml:uri />
        </dev:type>
        <dev:defaultValue>None</dev:defaultValue>
      </command:parameter>
      <command:parameter required="false" variableLength="true" globbing="false" pipelineInput="False" position="named" aliases="none">
        <maml:name>GroupID</maml:name>
        <maml:description>
          <maml:para>The ID of the access group to filter data by. Include this optional parameter to narrow down the results to a specific access group only.</maml:para>
        </maml:description>
        <command:parameterValue required="true" variableLength="false">String</command:parameterValue>
        <dev:type>
          <maml:name>String</maml:name>
          <maml:uri />
        </dev:type>
        <dev:defaultValue>None</dev:defaultValue>
      </command:parameter>
      <command:parameter required="false" variableLength="true" globbing="false" pipelineInput="False" position="named" aliases="none">
        <maml:name>Name</maml:name>
        <maml:description>
          <maml:para>The name of the CP code to filter data by. Include this optional parameter to narrow down the results to a specific CP code name only.</maml:para>
        </maml:description>
        <command:parameterValue required="true" variableLength="false">String</command:parameterValue>
        <dev:type>
          <maml:name>String</maml:name>
          <maml:uri />
        </dev:type>
        <dev:defaultValue>None</dev:defaultValue>
      </command:parameter>
      <command:parameter required="false" variableLength="true" globbing="false" pipelineInput="False" position="named" aliases="none">
        <maml:name>ProductID</maml:name>
        <maml:description>
          <maml:para>Identifies the product or service to filter data by. Include this optional parameter to narrow down the results to a specific product only.</maml:para>
        </maml:description>
        <command:parameterValue required="true" variableLength="false">String</command:parameterValue>
        <dev:type>
          <maml:name>String</maml:name>
          <maml:uri />
        </dev:type>
        <dev:defaultValue>None</dev:defaultValue>
      </command:parameter>
      <command:parameter required="false" variableLength="true" globbing="false" pipelineInput="False" position="named" aliases="none">
        <maml:name>Section</maml:name>
        <maml:description>
          <maml:para>The section name in your EdgeGrid resource file to retrieve authentication credentials from. Defaults to `default`.</maml:para>
        </maml:description>
        <command:parameterValue required="true" variableLength="false">String</command:parameterValue>
        <dev:type>
          <maml:name>String</maml:name>
          <maml:uri />
        </dev:type>
        <dev:defaultValue>None</dev:defaultValue>
      </command:parameter>
    </command:parameters>
    <command:inputTypes>
      <command:inputType>
        <dev:type>
          <maml:name>None</maml:name>
        </dev:type>
        <maml:description>
          <maml:para></maml:para>
        </maml:description>
      </command:inputType>
    </command:inputTypes>
    <command:returnValues>
      <command:returnValue>
        <dev:type>
          <maml:name>System.Object</maml:name>
        </dev:type>
        <maml:description>
          <maml:para></maml:para>
        </maml:description>
      </command:returnValue>
    </command:returnValues>
    <maml:alertSet>
      <maml:alert>
        <maml:para></maml:para>
      </maml:alert>
    </maml:alertSet>
    <command:examples />
    <command:relatedLinks>
      <maml:navigationLink>
        <maml:linkText>User Guide: CP Codes</maml:linkText>
        <maml:uri>https://techdocs.akamai.com/powershell/docs/cp-codes</maml:uri>
      </maml:navigationLink>
      <maml:navigationLink>
        <maml:linkText>Function Reference</maml:linkText>
        <maml:uri>https://techdocs.akamai.com/powershell/docs/get-cpcode</maml:uri>
      </maml:navigationLink>
      <maml:navigationLink>
        <maml:linkText>API Reference</maml:linkText>
        <maml:uri>https://techdocs.akamai.com/cp-codes/reference/get-cpcode</maml:uri>
      </maml:navigationLink>
    </command:relatedLinks>
  </command:command>
  <command:command xmlns:maml="http://schemas.microsoft.com/maml/2004/10" xmlns:command="http://schemas.microsoft.com/maml/dev/command/2004/10" xmlns:dev="http://schemas.microsoft.com/maml/dev/2004/10" xmlns:MSHelp="http://msdn.microsoft.com/mshelp">
    <command:details>
      <command:name>Get-CPCodeWatermarkLimit</command:name>
      <command:verb>Get</command:verb>
      <command:noun>CPCodeWatermarkLimit</command:noun>
      <maml:description>
        <maml:para>Get a watermark limit.</maml:para>
      </maml:description>
    </command:details>
    <maml:description>
      <maml:para>Gets a watermark limit for CP codes for a specific contract within your account.</maml:para>
    </maml:description>
    <command:syntax>
      <command:syntaxItem>
        <maml:name>Get-CPCodeWatermarkLimit</maml:name>
        <command:parameter required="true" variableLength="true" globbing="false" pipelineInput="False" position="0" aliases="none">
          <maml:name>ContractID</maml:name>
          <maml:description>
            <maml:para>The ID of the contract to filter data by. Include this optional parameter to narrow down the results to a specific contract only.</maml:para>
          </maml:description>
          <command:parameterValue required="true" variableLength="false">String</command:parameterValue>
          <dev:type>
            <maml:name>String</maml:name>
            <maml:uri />
          </dev:type>
          <dev:defaultValue>None</dev:defaultValue>
        </command:parameter>
        <command:parameter required="false" variableLength="true" globbing="false" pipelineInput="False" position="1" aliases="none">
          <maml:name>EdgeRCFile</maml:name>
          <maml:description>
            <maml:para>Your EdgeGrid resource file to authenticate your command. Defaults to `~/.edgerc`.</maml:para>
          </maml:description>
          <command:parameterValue required="true" variableLength="false">String</command:parameterValue>
          <dev:type>
            <maml:name>String</maml:name>
            <maml:uri />
          </dev:type>
          <dev:defaultValue>None</dev:defaultValue>
        </command:parameter>
        <command:parameter required="false" variableLength="true" globbing="false" pipelineInput="False" position="2" aliases="none">
          <maml:name>Section</maml:name>
          <maml:description>
            <maml:para>The section name in your EdgeGrid resource file to retrieve authentication credentials from. Defaults to `default`.</maml:para>
          </maml:description>
          <command:parameterValue required="true" variableLength="false">String</command:parameterValue>
          <dev:type>
            <maml:name>String</maml:name>
            <maml:uri />
          </dev:type>
          <dev:defaultValue>None</dev:defaultValue>
        </command:parameter>
        <command:parameter required="false" variableLength="true" globbing="false" pipelineInput="False" position="3" aliases="none">
          <maml:name>AccountSwitchKey</maml:name>
          <maml:description>
            <maml:para>An account credential key that lets you move between accounts when using an API client enabled for multiple accounts. To find account switch keys, use Get-AccountSwitchKey (https://techdocs.akamai.com/powershell/docs/get-accountswitchkey).</maml:para>
          </maml:description>
          <command:parameterValue required="true" variableLength="false">String</command:parameterValue>
          <dev:type>
            <maml:name>String</maml:name>
            <maml:uri />
          </dev:type>
          <dev:defaultValue>None</dev:defaultValue>
        </command:parameter>
      </command:syntaxItem>
    </command:syntax>
    <command:parameters>
      <command:parameter required="false" variableLength="true" globbing="false" pipelineInput="False" position="3" aliases="none">
        <maml:name>AccountSwitchKey</maml:name>
        <maml:description>
          <maml:para>An account credential key that lets you move between accounts when using an API client enabled for multiple accounts. To find account switch keys, use Get-AccountSwitchKey (https://techdocs.akamai.com/powershell/docs/get-accountswitchkey).</maml:para>
        </maml:description>
        <command:parameterValue required="true" variableLength="false">String</command:parameterValue>
        <dev:type>
          <maml:name>String</maml:name>
          <maml:uri />
        </dev:type>
        <dev:defaultValue>None</dev:defaultValue>
      </command:parameter>
      <command:parameter required="true" variableLength="true" globbing="false" pipelineInput="False" position="0" aliases="none">
        <maml:name>ContractID</maml:name>
        <maml:description>
          <maml:para>The ID of the contract to filter data by. Include this optional parameter to narrow down the results to a specific contract only.</maml:para>
        </maml:description>
        <command:parameterValue required="true" variableLength="false">String</command:parameterValue>
        <dev:type>
          <maml:name>String</maml:name>
          <maml:uri />
        </dev:type>
        <dev:defaultValue>None</dev:defaultValue>
      </command:parameter>
      <command:parameter required="false" variableLength="true" globbing="false" pipelineInput="False" position="1" aliases="none">
        <maml:name>EdgeRCFile</maml:name>
        <maml:description>
          <maml:para>Your EdgeGrid resource file to authenticate your command. Defaults to `~/.edgerc`.</maml:para>
        </maml:description>
        <command:parameterValue required="true" variableLength="false">String</command:parameterValue>
        <dev:type>
          <maml:name>String</maml:name>
          <maml:uri />
        </dev:type>
        <dev:defaultValue>None</dev:defaultValue>
      </command:parameter>
      <command:parameter required="false" variableLength="true" globbing="false" pipelineInput="False" position="2" aliases="none">
        <maml:name>Section</maml:name>
        <maml:description>
          <maml:para>The section name in your EdgeGrid resource file to retrieve authentication credentials from. Defaults to `default`.</maml:para>
        </maml:description>
        <command:parameterValue required="true" variableLength="false">String</command:parameterValue>
        <dev:type>
          <maml:name>String</maml:name>
          <maml:uri />
        </dev:type>
        <dev:defaultValue>None</dev:defaultValue>
      </command:parameter>
    </command:parameters>
    <command:inputTypes>
      <command:inputType>
        <dev:type>
          <maml:name>None</maml:name>
        </dev:type>
        <maml:description>
          <maml:para></maml:para>
        </maml:description>
      </command:inputType>
    </command:inputTypes>
    <command:returnValues>
      <command:returnValue>
        <dev:type>
          <maml:name>System.Object</maml:name>
        </dev:type>
        <maml:description>
          <maml:para></maml:para>
        </maml:description>
      </command:returnValue>
    </command:returnValues>
    <maml:alertSet>
      <maml:alert>
        <maml:para></maml:para>
      </maml:alert>
    </maml:alertSet>
    <command:examples />
    <command:relatedLinks>
      <maml:navigationLink>
        <maml:linkText>User Guide: CP Codes</maml:linkText>
        <maml:uri>https://techdocs.akamai.com/powershell/docs/cp-codes</maml:uri>
      </maml:navigationLink>
      <maml:navigationLink>
        <maml:linkText>Function Reference</maml:linkText>
        <maml:uri>https://techdocs.akamai.com/powershell/docs/get-cpcodewatermarklimit</maml:uri>
      </maml:navigationLink>
      <maml:navigationLink>
        <maml:linkText>API Reference</maml:linkText>
        <maml:uri>https://techdocs.akamai.com/cp-codes/reference/get-cpcodes-watermark-limits</maml:uri>
      </maml:navigationLink>
    </command:relatedLinks>
  </command:command>
  <command:command xmlns:maml="http://schemas.microsoft.com/maml/2004/10" xmlns:command="http://schemas.microsoft.com/maml/dev/command/2004/10" xmlns:dev="http://schemas.microsoft.com/maml/dev/2004/10" xmlns:MSHelp="http://msdn.microsoft.com/mshelp">
    <command:details>
      <command:name>Get-CPReportingGroup</command:name>
      <command:verb>Get</command:verb>
      <command:noun>CPReportingGroup</command:noun>
      <maml:description>
        <maml:para>Get a reporting group.</maml:para>
      </maml:description>
    </command:details>
    <maml:description>
      <maml:para>Gets all CP reporting groups or returns a specific CP reporting group by its ID.</maml:para>
    </maml:description>
    <command:syntax>
      <command:syntaxItem>
        <maml:name>Get-CPReportingGroup</maml:name>
        <command:parameter required="false" variableLength="true" globbing="false" pipelineInput="False" position="named" aliases="none">
          <maml:name>AccountSwitchKey</maml:name>
          <maml:description>
            <maml:para>An account credential key that lets you move between accounts when using an API client enabled for multiple accounts. To find account switch keys, use Get-AccountSwitchKey (https://techdocs.akamai.com/powershell/docs/get-accountswitchkey).</maml:para>
          </maml:description>
          <command:parameterValue required="true" variableLength="false">String</command:parameterValue>
          <dev:type>
            <maml:name>String</maml:name>
            <maml:uri />
          </dev:type>
          <dev:defaultValue>None</dev:defaultValue>
        </command:parameter>
        <command:parameter required="false" variableLength="true" globbing="false" pipelineInput="False" position="named" aliases="none">
          <maml:name>CPCodeID</maml:name>
          <maml:description>
            <maml:para>Your CP code's ID.</maml:para>
          </maml:description>
          <command:parameterValue required="true" variableLength="false">String</command:parameterValue>
          <dev:type>
            <maml:name>String</maml:name>
            <maml:uri />
          </dev:type>
          <dev:defaultValue>None</dev:defaultValue>
        </command:parameter>
        <command:parameter required="false" variableLength="true" globbing="false" pipelineInput="False" position="named" aliases="none">
          <maml:name>ContractID</maml:name>
          <maml:description>
            <maml:para>The ID of the contract to filter data by. Include this optional parameter to narrow down the results to a specific contract only.</maml:para>
          </maml:description>
          <command:parameterValue required="true" variableLength="false">String</command:parameterValue>
          <dev:type>
            <maml:name>String</maml:name>
            <maml:uri />
          </dev:type>
          <dev:defaultValue>None</dev:defaultValue>
        </command:parameter>
        <command:parameter required="false" variableLength="true" globbing="false" pipelineInput="False" position="named" aliases="none">
          <maml:name>EdgeRCFile</maml:name>
          <maml:description>
            <maml:para>Your EdgeGrid resource file to authenticate your command. Defaults to `~/.edgerc`.</maml:para>
          </maml:description>
          <command:parameterValue required="true" variableLength="false">String</command:parameterValue>
          <dev:type>
            <maml:name>String</maml:name>
            <maml:uri />
          </dev:type>
          <dev:defaultValue>None</dev:defaultValue>
        </command:parameter>
        <command:parameter required="false" variableLength="true" globbing="false" pipelineInput="False" position="named" aliases="none">
          <maml:name>GroupID</maml:name>
          <maml:description>
            <maml:para>The ID of the access group to filter data by. Include this optional parameter to narrow down the results to a specific access group only.</maml:para>
          </maml:description>
          <command:parameterValue required="true" variableLength="false">String</command:parameterValue>
          <dev:type>
            <maml:name>String</maml:name>
            <maml:uri />
          </dev:type>
          <dev:defaultValue>None</dev:defaultValue>
        </command:parameter>
        <command:parameter required="false" variableLength="true" globbing="false" pipelineInput="False" position="named" aliases="none">
          <maml:name>Name</maml:name>
          <maml:description>
            <maml:para>The name of the CP code to filter data by. Include this optional parameter to narrow down the results to a specific CP code name only.</maml:para>
          </maml:description>
          <command:parameterValue required="true" variableLength="false">String</command:parameterValue>
          <dev:type>
            <maml:name>String</maml:name>
            <maml:uri />
          </dev:type>
          <dev:defaultValue>None</dev:defaultValue>
        </command:parameter>
        <command:parameter required="false" variableLength="true" globbing="false" pipelineInput="False" position="named" aliases="none">
          <maml:name>Section</maml:name>
          <maml:description>
            <maml:para>The section name in your EdgeGrid resource file to retrieve authentication credentials from. Defaults to `default`.</maml:para>
          </maml:description>
          <command:parameterValue required="true" variableLength="false">String</command:parameterValue>
          <dev:type>
            <maml:name>String</maml:name>
            <maml:uri />
          </dev:type>
          <dev:defaultValue>None</dev:defaultValue>
        </command:parameter>
      </command:syntaxItem>
      <command:syntaxItem>
        <maml:name>Get-CPReportingGroup</maml:name>
        <command:parameter required="false" variableLength="true" globbing="false" pipelineInput="False" position="named" aliases="none">
          <maml:name>AccountSwitchKey</maml:name>
          <maml:description>
            <maml:para>An account credential key that lets you move between accounts when using an API client enabled for multiple accounts. To find account switch keys, use Get-AccountSwitchKey (https://techdocs.akamai.com/powershell/docs/get-accountswitchkey).</maml:para>
          </maml:description>
          <command:parameterValue required="true" variableLength="false">String</command:parameterValue>
          <dev:type>
            <maml:name>String</maml:name>
            <maml:uri />
          </dev:type>
          <dev:defaultValue>None</dev:defaultValue>
        </command:parameter>
        <command:parameter required="false" variableLength="true" globbing="false" pipelineInput="False" position="named" aliases="none">
          <maml:name>EdgeRCFile</maml:name>
          <maml:description>
            <maml:para>Your EdgeGrid resource file to authenticate your command. Defaults to `~/.edgerc`.</maml:para>
          </maml:description>
          <command:parameterValue required="true" variableLength="false">String</command:parameterValue>
          <dev:type>
            <maml:name>String</maml:name>
            <maml:uri />
          </dev:type>
          <dev:defaultValue>None</dev:defaultValue>
        </command:parameter>
        <command:parameter required="false" variableLength="true" globbing="false" pipelineInput="False" position="named" aliases="none">
          <maml:name>ReportingGroupID</maml:name>
          <maml:description>
            <maml:para>Your reporting group's ID.</maml:para>
          </maml:description>
          <command:parameterValue required="true" variableLength="false">Int32</command:parameterValue>
          <dev:type>
            <maml:name>Int32</maml:name>
            <maml:uri />
          </dev:type>
          <dev:defaultValue>None</dev:defaultValue>
        </command:parameter>
        <command:parameter required="false" variableLength="true" globbing="false" pipelineInput="False" position="named" aliases="none">
          <maml:name>Section</maml:name>
          <maml:description>
            <maml:para>The section name in your EdgeGrid resource file to retrieve authentication credentials from. Defaults to `default`.</maml:para>
          </maml:description>
          <command:parameterValue required="true" variableLength="false">String</command:parameterValue>
          <dev:type>
            <maml:name>String</maml:name>
            <maml:uri />
          </dev:type>
          <dev:defaultValue>None</dev:defaultValue>
        </command:parameter>
      </command:syntaxItem>
    </command:syntax>
    <command:parameters>
      <command:parameter required="false" variableLength="true" globbing="false" pipelineInput="False" position="named" aliases="none">
        <maml:name>AccountSwitchKey</maml:name>
        <maml:description>
          <maml:para>An account credential key that lets you move between accounts when using an API client enabled for multiple accounts. To find account switch keys, use Get-AccountSwitchKey (https://techdocs.akamai.com/powershell/docs/get-accountswitchkey).</maml:para>
        </maml:description>
        <command:parameterValue required="true" variableLength="false">String</command:parameterValue>
        <dev:type>
          <maml:name>String</maml:name>
          <maml:uri />
        </dev:type>
        <dev:defaultValue>None</dev:defaultValue>
      </command:parameter>
      <command:parameter required="false" variableLength="true" globbing="false" pipelineInput="False" position="named" aliases="none">
        <maml:name>CPCodeID</maml:name>
        <maml:description>
          <maml:para>Your CP code's ID.</maml:para>
        </maml:description>
        <command:parameterValue required="true" variableLength="false">String</command:parameterValue>
        <dev:type>
          <maml:name>String</maml:name>
          <maml:uri />
        </dev:type>
        <dev:defaultValue>None</dev:defaultValue>
      </command:parameter>
      <command:parameter required="false" variableLength="true" globbing="false" pipelineInput="False" position="named" aliases="none">
        <maml:name>ContractID</maml:name>
        <maml:description>
          <maml:para>The ID of the contract to filter data by. Include this optional parameter to narrow down the results to a specific contract only.</maml:para>
        </maml:description>
        <command:parameterValue required="true" variableLength="false">String</command:parameterValue>
        <dev:type>
          <maml:name>String</maml:name>
          <maml:uri />
        </dev:type>
        <dev:defaultValue>None</dev:defaultValue>
      </command:parameter>
      <command:parameter required="false" variableLength="true" globbing="false" pipelineInput="False" position="named" aliases="none">
        <maml:name>EdgeRCFile</maml:name>
        <maml:description>
          <maml:para>Your EdgeGrid resource file to authenticate your command. Defaults to `~/.edgerc`.</maml:para>
        </maml:description>
        <command:parameterValue required="true" variableLength="false">String</command:parameterValue>
        <dev:type>
          <maml:name>String</maml:name>
          <maml:uri />
        </dev:type>
        <dev:defaultValue>None</dev:defaultValue>
      </command:parameter>
      <command:parameter required="false" variableLength="true" globbing="false" pipelineInput="False" position="named" aliases="none">
        <maml:name>GroupID</maml:name>
        <maml:description>
          <maml:para>The ID of the access group to filter data by. Include this optional parameter to narrow down the results to a specific access group only.</maml:para>
        </maml:description>
        <command:parameterValue required="true" variableLength="false">String</command:parameterValue>
        <dev:type>
          <maml:name>String</maml:name>
          <maml:uri />
        </dev:type>
        <dev:defaultValue>None</dev:defaultValue>
      </command:parameter>
      <command:parameter required="false" variableLength="true" globbing="false" pipelineInput="False" position="named" aliases="none">
        <maml:name>Name</maml:name>
        <maml:description>
          <maml:para>The name of the CP code to filter data by. Include this optional parameter to narrow down the results to a specific CP code name only.</maml:para>
        </maml:description>
        <command:parameterValue required="true" variableLength="false">String</command:parameterValue>
        <dev:type>
          <maml:name>String</maml:name>
          <maml:uri />
        </dev:type>
        <dev:defaultValue>None</dev:defaultValue>
      </command:parameter>
      <command:parameter required="false" variableLength="true" globbing="false" pipelineInput="False" position="named" aliases="none">
        <maml:name>ReportingGroupID</maml:name>
        <maml:description>
          <maml:para>Your reporting group's ID.</maml:para>
        </maml:description>
        <command:parameterValue required="true" variableLength="false">Int32</command:parameterValue>
        <dev:type>
          <maml:name>Int32</maml:name>
          <maml:uri />
        </dev:type>
        <dev:defaultValue>None</dev:defaultValue>
      </command:parameter>
      <command:parameter required="false" variableLength="true" globbing="false" pipelineInput="False" position="named" aliases="none">
        <maml:name>Section</maml:name>
        <maml:description>
          <maml:para>The section name in your EdgeGrid resource file to retrieve authentication credentials from. Defaults to `default`.</maml:para>
        </maml:description>
        <command:parameterValue required="true" variableLength="false">String</command:parameterValue>
        <dev:type>
          <maml:name>String</maml:name>
          <maml:uri />
        </dev:type>
        <dev:defaultValue>None</dev:defaultValue>
      </command:parameter>
    </command:parameters>
    <command:inputTypes>
      <command:inputType>
        <dev:type>
          <maml:name>None</maml:name>
        </dev:type>
        <maml:description>
          <maml:para></maml:para>
        </maml:description>
      </command:inputType>
    </command:inputTypes>
    <command:returnValues>
      <command:returnValue>
        <dev:type>
          <maml:name>System.Object</maml:name>
        </dev:type>
        <maml:description>
          <maml:para></maml:para>
        </maml:description>
      </command:returnValue>
    </command:returnValues>
    <maml:alertSet>
      <maml:alert>
        <maml:para></maml:para>
      </maml:alert>
    </maml:alertSet>
    <command:examples />
    <command:relatedLinks>
      <maml:navigationLink>
        <maml:linkText>User Guide: CP Codes</maml:linkText>
        <maml:uri>https://techdocs.akamai.com/powershell/docs/cp-codes</maml:uri>
      </maml:navigationLink>
      <maml:navigationLink>
        <maml:linkText>Function Reference</maml:linkText>
        <maml:uri>https://techdocs.akamai.com/powershell/docs/get-cpreportinggroup</maml:uri>
      </maml:navigationLink>
      <maml:navigationLink>
        <maml:linkText>API Reference</maml:linkText>
        <maml:uri>https://techdocs.akamai.com/cp-codes/reference/get-reporting-group</maml:uri>
      </maml:navigationLink>
    </command:relatedLinks>
  </command:command>
  <command:command xmlns:maml="http://schemas.microsoft.com/maml/2004/10" xmlns:command="http://schemas.microsoft.com/maml/dev/command/2004/10" xmlns:dev="http://schemas.microsoft.com/maml/dev/2004/10" xmlns:MSHelp="http://msdn.microsoft.com/mshelp">
    <command:details>
      <command:name>Get-CPReportingGroupProducts</command:name>
      <command:verb>Get</command:verb>
      <command:noun>CPReportingGroupProducts</command:noun>
      <maml:description>
        <maml:para>Get products within a reporting group.</maml:para>
      </maml:description>
    </command:details>
    <maml:description>
      <maml:para>Gets products and services assigned to a specific reporting group. </maml:para>
      <maml:para>&gt; Note: This data may differ in format from similar operations, such as the `Get-Product` operation. To update a CP code, you need to use the product format returned here.</maml:para>
    </maml:description>
    <command:syntax>
      <command:syntaxItem>
        <maml:name>Get-CPReportingGroupProducts</maml:name>
        <command:parameter required="true" variableLength="true" globbing="false" pipelineInput="False" position="0" aliases="none">
          <maml:name>ReportingGroupID</maml:name>
          <maml:description>
            <maml:para>Your reporting group's ID.</maml:para>
          </maml:description>
          <command:parameterValue required="true" variableLength="false">Int32</command:parameterValue>
          <dev:type>
            <maml:name>Int32</maml:name>
            <maml:uri />
          </dev:type>
          <dev:defaultValue>None</dev:defaultValue>
        </command:parameter>
        <command:parameter required="false" variableLength="true" globbing="false" pipelineInput="False" position="1" aliases="none">
          <maml:name>EdgeRCFile</maml:name>
          <maml:description>
            <maml:para>Your EdgeGrid resource file to authenticate your command. Defaults to `~/.edgerc`.</maml:para>
          </maml:description>
          <command:parameterValue required="true" variableLength="false">String</command:parameterValue>
          <dev:type>
            <maml:name>String</maml:name>
            <maml:uri />
          </dev:type>
          <dev:defaultValue>None</dev:defaultValue>
        </command:parameter>
        <command:parameter required="false" variableLength="true" globbing="false" pipelineInput="False" position="2" aliases="none">
          <maml:name>Section</maml:name>
          <maml:description>
            <maml:para>The section name in your EdgeGrid resource file to retrieve authentication credentials from. Defaults to `default`.</maml:para>
          </maml:description>
          <command:parameterValue required="true" variableLength="false">String</command:parameterValue>
          <dev:type>
            <maml:name>String</maml:name>
            <maml:uri />
          </dev:type>
          <dev:defaultValue>None</dev:defaultValue>
        </command:parameter>
        <command:parameter required="false" variableLength="true" globbing="false" pipelineInput="False" position="3" aliases="none">
          <maml:name>AccountSwitchKey</maml:name>
          <maml:description>
            <maml:para>An account credential key that lets you move between accounts when using an API client enabled for multiple accounts. To find account switch keys, use Get-AccountSwitchKey (https://techdocs.akamai.com/powershell/docs/get-accountswitchkey).</maml:para>
          </maml:description>
          <command:parameterValue required="true" variableLength="false">String</command:parameterValue>
          <dev:type>
            <maml:name>String</maml:name>
            <maml:uri />
          </dev:type>
          <dev:defaultValue>None</dev:defaultValue>
        </command:parameter>
      </command:syntaxItem>
    </command:syntax>
    <command:parameters>
      <command:parameter required="false" variableLength="true" globbing="false" pipelineInput="False" position="3" aliases="none">
        <maml:name>AccountSwitchKey</maml:name>
        <maml:description>
          <maml:para>An account credential key that lets you move between accounts when using an API client enabled for multiple accounts. To find account switch keys, use Get-AccountSwitchKey (https://techdocs.akamai.com/powershell/docs/get-accountswitchkey).</maml:para>
        </maml:description>
        <command:parameterValue required="true" variableLength="false">String</command:parameterValue>
        <dev:type>
          <maml:name>String</maml:name>
          <maml:uri />
        </dev:type>
        <dev:defaultValue>None</dev:defaultValue>
      </command:parameter>
      <command:parameter required="false" variableLength="true" globbing="false" pipelineInput="False" position="1" aliases="none">
        <maml:name>EdgeRCFile</maml:name>
        <maml:description>
          <maml:para>Your EdgeGrid resource file to authenticate your command. Defaults to `~/.edgerc`.</maml:para>
        </maml:description>
        <command:parameterValue required="true" variableLength="false">String</command:parameterValue>
        <dev:type>
          <maml:name>String</maml:name>
          <maml:uri />
        </dev:type>
        <dev:defaultValue>None</dev:defaultValue>
      </command:parameter>
      <command:parameter required="true" variableLength="true" globbing="false" pipelineInput="False" position="0" aliases="none">
        <maml:name>ReportingGroupID</maml:name>
        <maml:description>
          <maml:para>Your reporting group's ID.</maml:para>
        </maml:description>
        <command:parameterValue required="true" variableLength="false">Int32</command:parameterValue>
        <dev:type>
          <maml:name>Int32</maml:name>
          <maml:uri />
        </dev:type>
        <dev:defaultValue>None</dev:defaultValue>
      </command:parameter>
      <command:parameter required="false" variableLength="true" globbing="false" pipelineInput="False" position="2" aliases="none">
        <maml:name>Section</maml:name>
        <maml:description>
          <maml:para>The section name in your EdgeGrid resource file to retrieve authentication credentials from. Defaults to `default`.</maml:para>
        </maml:description>
        <command:parameterValue required="true" variableLength="false">String</command:parameterValue>
        <dev:type>
          <maml:name>String</maml:name>
          <maml:uri />
        </dev:type>
        <dev:defaultValue>None</dev:defaultValue>
      </command:parameter>
    </command:parameters>
    <command:inputTypes>
      <command:inputType>
        <dev:type>
          <maml:name>None</maml:name>
        </dev:type>
        <maml:description>
          <maml:para></maml:para>
        </maml:description>
      </command:inputType>
    </command:inputTypes>
    <command:returnValues>
      <command:returnValue>
        <dev:type>
          <maml:name>System.Object</maml:name>
        </dev:type>
        <maml:description>
          <maml:para></maml:para>
        </maml:description>
      </command:returnValue>
    </command:returnValues>
    <maml:alertSet>
      <maml:alert>
        <maml:para></maml:para>
      </maml:alert>
    </maml:alertSet>
    <command:examples />
    <command:relatedLinks>
      <maml:navigationLink>
        <maml:linkText>User Guide: CP Codes</maml:linkText>
        <maml:uri>https://techdocs.akamai.com/powershell/docs/cp-codes</maml:uri>
      </maml:navigationLink>
      <maml:navigationLink>
        <maml:linkText>Function Reference</maml:linkText>
        <maml:uri>https://techdocs.akamai.com/powershell/docs/get-cpreportinggroupproducts</maml:uri>
      </maml:navigationLink>
      <maml:navigationLink>
        <maml:linkText>API Reference</maml:linkText>
        <maml:uri>https://techdocs.akamai.com/cp-codes/reference/get-reporting-group-products</maml:uri>
      </maml:navigationLink>
    </command:relatedLinks>
  </command:command>
  <command:command xmlns:maml="http://schemas.microsoft.com/maml/2004/10" xmlns:command="http://schemas.microsoft.com/maml/dev/command/2004/10" xmlns:dev="http://schemas.microsoft.com/maml/dev/2004/10" xmlns:MSHelp="http://msdn.microsoft.com/mshelp">
    <command:details>
      <command:name>Get-CPReportingGroupWatermarkLimit</command:name>
      <command:verb>Get</command:verb>
      <command:noun>CPReportingGroupWatermarkLimit</command:noun>
      <maml:description>
        <maml:para>Get a watermark limit for reporting groups.</maml:para>
      </maml:description>
    </command:details>
    <maml:description>
      <maml:para>Gets a watermark limit for CP reporting groups for a specific contract within your account.</maml:para>
    </maml:description>
    <command:syntax>
      <command:syntaxItem>
        <maml:name>Get-CPReportingGroupWatermarkLimit</maml:name>
        <command:parameter required="true" variableLength="true" globbing="false" pipelineInput="False" position="0" aliases="none">
          <maml:name>ContractID</maml:name>
          <maml:description>
            <maml:para>The ID of the contract to filter data by. Include this optional parameter to narrow down the results to a specific contract only.</maml:para>
          </maml:description>
          <command:parameterValue required="true" variableLength="false">String</command:parameterValue>
          <dev:type>
            <maml:name>String</maml:name>
            <maml:uri />
          </dev:type>
          <dev:defaultValue>None</dev:defaultValue>
        </command:parameter>
        <command:parameter required="false" variableLength="true" globbing="false" pipelineInput="False" position="1" aliases="none">
          <maml:name>EdgeRCFile</maml:name>
          <maml:description>
            <maml:para>Your EdgeGrid resource file to authenticate your command. Defaults to `~/.edgerc`.</maml:para>
          </maml:description>
          <command:parameterValue required="true" variableLength="false">String</command:parameterValue>
          <dev:type>
            <maml:name>String</maml:name>
            <maml:uri />
          </dev:type>
          <dev:defaultValue>None</dev:defaultValue>
        </command:parameter>
        <command:parameter required="false" variableLength="true" globbing="false" pipelineInput="False" position="2" aliases="none">
          <maml:name>Section</maml:name>
          <maml:description>
            <maml:para>The section name in your EdgeGrid resource file to retrieve authentication credentials from. Defaults to `default`.</maml:para>
          </maml:description>
          <command:parameterValue required="true" variableLength="false">String</command:parameterValue>
          <dev:type>
            <maml:name>String</maml:name>
            <maml:uri />
          </dev:type>
          <dev:defaultValue>None</dev:defaultValue>
        </command:parameter>
        <command:parameter required="false" variableLength="true" globbing="false" pipelineInput="False" position="3" aliases="none">
          <maml:name>AccountSwitchKey</maml:name>
          <maml:description>
            <maml:para>An account credential key that lets you move between accounts when using an API client enabled for multiple accounts. To find account switch keys, use Get-AccountSwitchKey (https://techdocs.akamai.com/powershell/docs/get-accountswitchkey).</maml:para>
          </maml:description>
          <command:parameterValue required="true" variableLength="false">String</command:parameterValue>
          <dev:type>
            <maml:name>String</maml:name>
            <maml:uri />
          </dev:type>
          <dev:defaultValue>None</dev:defaultValue>
        </command:parameter>
      </command:syntaxItem>
    </command:syntax>
    <command:parameters>
      <command:parameter required="false" variableLength="true" globbing="false" pipelineInput="False" position="3" aliases="none">
        <maml:name>AccountSwitchKey</maml:name>
        <maml:description>
          <maml:para>An account credential key that lets you move between accounts when using an API client enabled for multiple accounts. To find account switch keys, use Get-AccountSwitchKey (https://techdocs.akamai.com/powershell/docs/get-accountswitchkey).</maml:para>
        </maml:description>
        <command:parameterValue required="true" variableLength="false">String</command:parameterValue>
        <dev:type>
          <maml:name>String</maml:name>
          <maml:uri />
        </dev:type>
        <dev:defaultValue>None</dev:defaultValue>
      </command:parameter>
      <command:parameter required="true" variableLength="true" globbing="false" pipelineInput="False" position="0" aliases="none">
        <maml:name>ContractID</maml:name>
        <maml:description>
          <maml:para>The ID of the contract to filter data by. Include this optional parameter to narrow down the results to a specific contract only.</maml:para>
        </maml:description>
        <command:parameterValue required="true" variableLength="false">String</command:parameterValue>
        <dev:type>
          <maml:name>String</maml:name>
          <maml:uri />
        </dev:type>
        <dev:defaultValue>None</dev:defaultValue>
      </command:parameter>
      <command:parameter required="false" variableLength="true" globbing="false" pipelineInput="False" position="1" aliases="none">
        <maml:name>EdgeRCFile</maml:name>
        <maml:description>
          <maml:para>Your EdgeGrid resource file to authenticate your command. Defaults to `~/.edgerc`.</maml:para>
        </maml:description>
        <command:parameterValue required="true" variableLength="false">String</command:parameterValue>
        <dev:type>
          <maml:name>String</maml:name>
          <maml:uri />
        </dev:type>
        <dev:defaultValue>None</dev:defaultValue>
      </command:parameter>
      <command:parameter required="false" variableLength="true" globbing="false" pipelineInput="False" position="2" aliases="none">
        <maml:name>Section</maml:name>
        <maml:description>
          <maml:para>The section name in your EdgeGrid resource file to retrieve authentication credentials from. Defaults to `default`.</maml:para>
        </maml:description>
        <command:parameterValue required="true" variableLength="false">String</command:parameterValue>
        <dev:type>
          <maml:name>String</maml:name>
          <maml:uri />
        </dev:type>
        <dev:defaultValue>None</dev:defaultValue>
      </command:parameter>
    </command:parameters>
    <command:inputTypes>
      <command:inputType>
        <dev:type>
          <maml:name>None</maml:name>
        </dev:type>
        <maml:description>
          <maml:para></maml:para>
        </maml:description>
      </command:inputType>
    </command:inputTypes>
    <command:returnValues>
      <command:returnValue>
        <dev:type>
          <maml:name>System.Object</maml:name>
        </dev:type>
        <maml:description>
          <maml:para></maml:para>
        </maml:description>
      </command:returnValue>
    </command:returnValues>
    <maml:alertSet>
      <maml:alert>
        <maml:para></maml:para>
      </maml:alert>
    </maml:alertSet>
    <command:examples />
    <command:relatedLinks>
      <maml:navigationLink>
        <maml:linkText>User Guide: CP Codes</maml:linkText>
        <maml:uri>https://techdocs.akamai.com/powershell/docs/cp-codes</maml:uri>
      </maml:navigationLink>
      <maml:navigationLink>
        <maml:linkText>Function Reference</maml:linkText>
        <maml:uri>https://techdocs.akamai.com/powershell/docs/get-cpreportinggroupwatermarklimit</maml:uri>
      </maml:navigationLink>
      <maml:navigationLink>
        <maml:linkText>API Reference</maml:linkText>
        <maml:uri>https://techdocs.akamai.com/cp-codes/reference/get-reporting-groups-watermark-limits</maml:uri>
      </maml:navigationLink>
    </command:relatedLinks>
  </command:command>
  <command:command xmlns:maml="http://schemas.microsoft.com/maml/2004/10" xmlns:command="http://schemas.microsoft.com/maml/dev/command/2004/10" xmlns:dev="http://schemas.microsoft.com/maml/dev/2004/10" xmlns:MSHelp="http://msdn.microsoft.com/mshelp">
    <command:details>
      <command:name>New-CPReportingGroup</command:name>
      <command:verb>New</command:verb>
      <command:noun>CPReportingGroup</command:noun>
      <maml:description>
        <maml:para>Create a reporting group.</maml:para>
      </maml:description>
    </command:details>
    <maml:description>
      <maml:para>Creates a reporting group. Make sure the reporting group's name is unique within an account. </maml:para>
      <maml:para>&gt; Note: Due to the complexity of the request body for this function, where possible, it's recommended that you retrieve an existing reporting group, edit it locally, and pipe the object to this command.</maml:para>
    </maml:description>
    <command:syntax>
      <command:syntaxItem>
        <maml:name>New-CPReportingGroup</maml:name>
        <command:parameter required="true" variableLength="true" globbing="false" pipelineInput="True (ByValue)" position="0" aliases="none">
          <maml:name>Body</maml:name>
          <maml:description>
            <maml:para>A request body, either as a `PSCustomObject` or a string. This parameter supports pipelining.</maml:para>
          </maml:description>
          <command:parameterValue required="true" variableLength="false">Object</command:parameterValue>
          <dev:type>
            <maml:name>Object</maml:name>
            <maml:uri />
          </dev:type>
          <dev:defaultValue>None</dev:defaultValue>
        </command:parameter>
        <command:parameter required="false" variableLength="true" globbing="false" pipelineInput="False" position="1" aliases="none">
          <maml:name>EdgeRCFile</maml:name>
          <maml:description>
            <maml:para>Your EdgeGrid resource file to authenticate your command. Defaults to `~/.edgerc`.</maml:para>
          </maml:description>
          <command:parameterValue required="true" variableLength="false">String</command:parameterValue>
          <dev:type>
            <maml:name>String</maml:name>
            <maml:uri />
          </dev:type>
          <dev:defaultValue>None</dev:defaultValue>
        </command:parameter>
        <command:parameter required="false" variableLength="true" globbing="false" pipelineInput="False" position="2" aliases="none">
          <maml:name>Section</maml:name>
          <maml:description>
            <maml:para>The section name in your EdgeGrid resource file to retrieve authentication credentials from. Defaults to `default`.</maml:para>
          </maml:description>
          <command:parameterValue required="true" variableLength="false">String</command:parameterValue>
          <dev:type>
            <maml:name>String</maml:name>
            <maml:uri />
          </dev:type>
          <dev:defaultValue>None</dev:defaultValue>
        </command:parameter>
        <command:parameter required="false" variableLength="true" globbing="false" pipelineInput="False" position="3" aliases="none">
          <maml:name>AccountSwitchKey</maml:name>
          <maml:description>
            <maml:para>An account credential key that lets you move between accounts when using an API client enabled for multiple accounts. To find account switch keys, use Get-AccountSwitchKey (https://techdocs.akamai.com/powershell/docs/get-accountswitchkey).</maml:para>
          </maml:description>
          <command:parameterValue required="true" variableLength="false">String</command:parameterValue>
          <dev:type>
            <maml:name>String</maml:name>
            <maml:uri />
          </dev:type>
          <dev:defaultValue>None</dev:defaultValue>
        </command:parameter>
      </command:syntaxItem>
    </command:syntax>
    <command:parameters>
      <command:parameter required="false" variableLength="true" globbing="false" pipelineInput="False" position="3" aliases="none">
        <maml:name>AccountSwitchKey</maml:name>
        <maml:description>
          <maml:para>An account credential key that lets you move between accounts when using an API client enabled for multiple accounts. To find account switch keys, use Get-AccountSwitchKey (https://techdocs.akamai.com/powershell/docs/get-accountswitchkey).</maml:para>
        </maml:description>
        <command:parameterValue required="true" variableLength="false">String</command:parameterValue>
        <dev:type>
          <maml:name>String</maml:name>
          <maml:uri />
        </dev:type>
        <dev:defaultValue>None</dev:defaultValue>
      </command:parameter>
      <command:parameter required="true" variableLength="true" globbing="false" pipelineInput="True (ByValue)" position="0" aliases="none">
        <maml:name>Body</maml:name>
        <maml:description>
          <maml:para>A request body, either as a `PSCustomObject` or a string. This parameter supports pipelining.</maml:para>
        </maml:description>
        <command:parameterValue required="true" variableLength="false">Object</command:parameterValue>
        <dev:type>
          <maml:name>Object</maml:name>
          <maml:uri />
        </dev:type>
        <dev:defaultValue>None</dev:defaultValue>
      </command:parameter>
      <command:parameter required="false" variableLength="true" globbing="false" pipelineInput="False" position="1" aliases="none">
        <maml:name>EdgeRCFile</maml:name>
        <maml:description>
          <maml:para>Your EdgeGrid resource file to authenticate your command. Defaults to `~/.edgerc`.</maml:para>
        </maml:description>
        <command:parameterValue required="true" variableLength="false">String</command:parameterValue>
        <dev:type>
          <maml:name>String</maml:name>
          <maml:uri />
        </dev:type>
        <dev:defaultValue>None</dev:defaultValue>
      </command:parameter>
      <command:parameter required="false" variableLength="true" globbing="false" pipelineInput="False" position="2" aliases="none">
        <maml:name>Section</maml:name>
        <maml:description>
          <maml:para>The section name in your EdgeGrid resource file to retrieve authentication credentials from. Defaults to `default`.</maml:para>
        </maml:description>
        <command:parameterValue required="true" variableLength="false">String</command:parameterValue>
        <dev:type>
          <maml:name>String</maml:name>
          <maml:uri />
        </dev:type>
        <dev:defaultValue>None</dev:defaultValue>
      </command:parameter>
    </command:parameters>
    <command:inputTypes>
      <command:inputType>
        <dev:type>
          <maml:name>System.Object</maml:name>
        </dev:type>
        <maml:description>
          <maml:para></maml:para>
        </maml:description>
      </command:inputType>
    </command:inputTypes>
    <command:returnValues>
      <command:returnValue>
        <dev:type>
          <maml:name>System.Object</maml:name>
        </dev:type>
        <maml:description>
          <maml:para></maml:para>
        </maml:description>
      </command:returnValue>
    </command:returnValues>
    <maml:alertSet>
      <maml:alert>
        <maml:para></maml:para>
      </maml:alert>
    </maml:alertSet>
    <command:examples />
    <command:relatedLinks>
      <maml:navigationLink>
        <maml:linkText>User Guide: CP Codes</maml:linkText>
        <maml:uri>https://techdocs.akamai.com/powershell/docs/cp-codes</maml:uri>
      </maml:navigationLink>
      <maml:navigationLink>
        <maml:linkText>Function Reference</maml:linkText>
        <maml:uri>https://techdocs.akamai.com/powershell/docs/new-cpreportinggroup</maml:uri>
      </maml:navigationLink>
      <maml:navigationLink>
        <maml:linkText>API Reference</maml:linkText>
        <maml:uri>https://techdocs.akamai.com/cp-codes/reference/post-reporting-groups</maml:uri>
      </maml:navigationLink>
    </command:relatedLinks>
  </command:command>
  <command:command xmlns:maml="http://schemas.microsoft.com/maml/2004/10" xmlns:command="http://schemas.microsoft.com/maml/dev/command/2004/10" xmlns:dev="http://schemas.microsoft.com/maml/dev/2004/10" xmlns:MSHelp="http://msdn.microsoft.com/mshelp">
    <command:details>
      <command:name>Remove-CPReportingGroup</command:name>
      <command:verb>Remove</command:verb>
      <command:noun>CPReportingGroup</command:noun>
      <maml:description>
        <maml:para>Delete a reporting group.</maml:para>
      </maml:description>
    </command:details>
    <maml:description>
      <maml:para>Deletes a specific reporting group.</maml:para>
    </maml:description>
    <command:syntax>
      <command:syntaxItem>
        <maml:name>Remove-CPReportingGroup</maml:name>
        <command:parameter required="true" variableLength="true" globbing="false" pipelineInput="False" position="0" aliases="none">
          <maml:name>ReportingGroupID</maml:name>
          <maml:description>
            <maml:para>Your reporting group's ID.</maml:para>
          </maml:description>
          <command:parameterValue required="true" variableLength="false">Int32</command:parameterValue>
          <dev:type>
            <maml:name>Int32</maml:name>
            <maml:uri />
          </dev:type>
          <dev:defaultValue>None</dev:defaultValue>
        </command:parameter>
        <command:parameter required="false" variableLength="true" globbing="false" pipelineInput="False" position="1" aliases="none">
          <maml:name>EdgeRCFile</maml:name>
          <maml:description>
            <maml:para>Your EdgeGrid resource file to authenticate your command. Defaults to `~/.edgerc`.</maml:para>
          </maml:description>
          <command:parameterValue required="true" variableLength="false">String</command:parameterValue>
          <dev:type>
            <maml:name>String</maml:name>
            <maml:uri />
          </dev:type>
          <dev:defaultValue>None</dev:defaultValue>
        </command:parameter>
        <command:parameter required="false" variableLength="true" globbing="false" pipelineInput="False" position="2" aliases="none">
          <maml:name>Section</maml:name>
          <maml:description>
            <maml:para>The section name in your EdgeGrid resource file to retrieve authentication credentials from. Defaults to `default`.</maml:para>
          </maml:description>
          <command:parameterValue required="true" variableLength="false">String</command:parameterValue>
          <dev:type>
            <maml:name>String</maml:name>
            <maml:uri />
          </dev:type>
          <dev:defaultValue>None</dev:defaultValue>
        </command:parameter>
        <command:parameter required="false" variableLength="true" globbing="false" pipelineInput="False" position="3" aliases="none">
          <maml:name>AccountSwitchKey</maml:name>
          <maml:description>
            <maml:para>An account credential key that lets you move between accounts when using an API client enabled for multiple accounts. To find account switch keys, use Get-AccountSwitchKey (https://techdocs.akamai.com/powershell/docs/get-accountswitchkey).</maml:para>
          </maml:description>
          <command:parameterValue required="true" variableLength="false">String</command:parameterValue>
          <dev:type>
            <maml:name>String</maml:name>
            <maml:uri />
          </dev:type>
          <dev:defaultValue>None</dev:defaultValue>
        </command:parameter>
      </command:syntaxItem>
    </command:syntax>
    <command:parameters>
      <command:parameter required="false" variableLength="true" globbing="false" pipelineInput="False" position="3" aliases="none">
        <maml:name>AccountSwitchKey</maml:name>
        <maml:description>
          <maml:para>An account credential key that lets you move between accounts when using an API client enabled for multiple accounts. To find account switch keys, use Get-AccountSwitchKey (https://techdocs.akamai.com/powershell/docs/get-accountswitchkey).</maml:para>
        </maml:description>
        <command:parameterValue required="true" variableLength="false">String</command:parameterValue>
        <dev:type>
          <maml:name>String</maml:name>
          <maml:uri />
        </dev:type>
        <dev:defaultValue>None</dev:defaultValue>
      </command:parameter>
      <command:parameter required="false" variableLength="true" globbing="false" pipelineInput="False" position="1" aliases="none">
        <maml:name>EdgeRCFile</maml:name>
        <maml:description>
          <maml:para>Your EdgeGrid resource file to authenticate your command. Defaults to `~/.edgerc`.</maml:para>
        </maml:description>
        <command:parameterValue required="true" variableLength="false">String</command:parameterValue>
        <dev:type>
          <maml:name>String</maml:name>
          <maml:uri />
        </dev:type>
        <dev:defaultValue>None</dev:defaultValue>
      </command:parameter>
      <command:parameter required="true" variableLength="true" globbing="false" pipelineInput="False" position="0" aliases="none">
        <maml:name>ReportingGroupID</maml:name>
        <maml:description>
          <maml:para>Your reporting group's ID.</maml:para>
        </maml:description>
        <command:parameterValue required="true" variableLength="false">Int32</command:parameterValue>
        <dev:type>
          <maml:name>Int32</maml:name>
          <maml:uri />
        </dev:type>
        <dev:defaultValue>None</dev:defaultValue>
      </command:parameter>
      <command:parameter required="false" variableLength="true" globbing="false" pipelineInput="False" position="2" aliases="none">
        <maml:name>Section</maml:name>
        <maml:description>
          <maml:para>The section name in your EdgeGrid resource file to retrieve authentication credentials from. Defaults to `default`.</maml:para>
        </maml:description>
        <command:parameterValue required="true" variableLength="false">String</command:parameterValue>
        <dev:type>
          <maml:name>String</maml:name>
          <maml:uri />
        </dev:type>
        <dev:defaultValue>None</dev:defaultValue>
      </command:parameter>
    </command:parameters>
    <command:inputTypes>
      <command:inputType>
        <dev:type>
          <maml:name>None</maml:name>
        </dev:type>
        <maml:description>
          <maml:para></maml:para>
        </maml:description>
      </command:inputType>
    </command:inputTypes>
    <command:returnValues>
      <command:returnValue>
        <dev:type>
          <maml:name>System.Object</maml:name>
        </dev:type>
        <maml:description>
          <maml:para></maml:para>
        </maml:description>
      </command:returnValue>
    </command:returnValues>
    <maml:alertSet>
      <maml:alert>
        <maml:para></maml:para>
      </maml:alert>
    </maml:alertSet>
    <command:examples />
    <command:relatedLinks>
      <maml:navigationLink>
        <maml:linkText>User Guide: CP Codes</maml:linkText>
        <maml:uri>https://techdocs.akamai.com/powershell/docs/cp-codes</maml:uri>
      </maml:navigationLink>
      <maml:navigationLink>
        <maml:linkText>Function Reference</maml:linkText>
        <maml:uri>https://techdocs.akamai.com/powershell/docs/remove-cpreportinggroup</maml:uri>
      </maml:navigationLink>
      <maml:navigationLink>
        <maml:linkText>API Reference</maml:linkText>
        <maml:uri>https://techdocs.akamai.com/cp-codes/reference/delete-reporting-group</maml:uri>
      </maml:navigationLink>
    </command:relatedLinks>
  </command:command>
  <command:command xmlns:maml="http://schemas.microsoft.com/maml/2004/10" xmlns:command="http://schemas.microsoft.com/maml/dev/command/2004/10" xmlns:dev="http://schemas.microsoft.com/maml/dev/2004/10" xmlns:MSHelp="http://msdn.microsoft.com/mshelp">
    <command:details>
      <command:name>Set-CPCode</command:name>
      <command:verb>Set</command:verb>
      <command:noun>CPCode</command:noun>
      <maml:description>
        <maml:para>Update a CP code.</maml:para>
      </maml:description>
    </command:details>
    <maml:description>
      <maml:para>Modifies a specific CP code. After running the `Get-CPCode` operation, use the response to build a request object. You can modify only a CP code's name, time zone, and purgeable settings.</maml:para>
    </maml:description>
    <command:syntax>
      <command:syntaxItem>
        <maml:name>Set-CPCode</maml:name>
        <command:parameter required="true" variableLength="true" globbing="false" pipelineInput="False" position="0" aliases="none">
          <maml:name>CPCodeID</maml:name>
          <maml:description>
            <maml:para>Your CP code's ID.</maml:para>
          </maml:description>
          <command:parameterValue required="true" variableLength="false">Int32</command:parameterValue>
          <dev:type>
            <maml:name>Int32</maml:name>
            <maml:uri />
          </dev:type>
          <dev:defaultValue>None</dev:defaultValue>
        </command:parameter>
        <command:parameter required="true" variableLength="true" globbing="false" pipelineInput="True (ByValue)" position="1" aliases="none">
          <maml:name>Body</maml:name>
          <maml:description>
            <maml:para>A request body, either as a `PSCustomObject` or a string. This parameter supports pipelining.</maml:para>
          </maml:description>
          <command:parameterValue required="true" variableLength="false">Object</command:parameterValue>
          <dev:type>
            <maml:name>Object</maml:name>
            <maml:uri />
          </dev:type>
          <dev:defaultValue>None</dev:defaultValue>
        </command:parameter>
        <command:parameter required="false" variableLength="true" globbing="false" pipelineInput="False" position="2" aliases="none">
          <maml:name>EdgeRCFile</maml:name>
          <maml:description>
            <maml:para>Your EdgeGrid resource file to authenticate your command. Defaults to `~/.edgerc`.</maml:para>
          </maml:description>
          <command:parameterValue required="true" variableLength="false">String</command:parameterValue>
          <dev:type>
            <maml:name>String</maml:name>
            <maml:uri />
          </dev:type>
          <dev:defaultValue>None</dev:defaultValue>
        </command:parameter>
        <command:parameter required="false" variableLength="true" globbing="false" pipelineInput="False" position="3" aliases="none">
          <maml:name>Section</maml:name>
          <maml:description>
            <maml:para>The section name in your EdgeGrid resource file to retrieve authentication credentials from. Defaults to `default`.</maml:para>
          </maml:description>
          <command:parameterValue required="true" variableLength="false">String</command:parameterValue>
          <dev:type>
            <maml:name>String</maml:name>
            <maml:uri />
          </dev:type>
          <dev:defaultValue>None</dev:defaultValue>
        </command:parameter>
        <command:parameter required="false" variableLength="true" globbing="false" pipelineInput="False" position="4" aliases="none">
          <maml:name>AccountSwitchKey</maml:name>
          <maml:description>
            <maml:para>An account credential key that lets you move between accounts when using an API client enabled for multiple accounts. To find account switch keys, use Get-AccountSwitchKey (https://techdocs.akamai.com/powershell/docs/get-accountswitchkey).</maml:para>
          </maml:description>
          <command:parameterValue required="true" variableLength="false">String</command:parameterValue>
          <dev:type>
            <maml:name>String</maml:name>
            <maml:uri />
          </dev:type>
          <dev:defaultValue>None</dev:defaultValue>
        </command:parameter>
      </command:syntaxItem>
    </command:syntax>
    <command:parameters>
      <command:parameter required="false" variableLength="true" globbing="false" pipelineInput="False" position="4" aliases="none">
        <maml:name>AccountSwitchKey</maml:name>
        <maml:description>
          <maml:para>An account credential key that lets you move between accounts when using an API client enabled for multiple accounts. To find account switch keys, use Get-AccountSwitchKey (https://techdocs.akamai.com/powershell/docs/get-accountswitchkey).</maml:para>
        </maml:description>
        <command:parameterValue required="true" variableLength="false">String</command:parameterValue>
        <dev:type>
          <maml:name>String</maml:name>
          <maml:uri />
        </dev:type>
        <dev:defaultValue>None</dev:defaultValue>
      </command:parameter>
      <command:parameter required="true" variableLength="true" globbing="false" pipelineInput="True (ByValue)" position="1" aliases="none">
        <maml:name>Body</maml:name>
        <maml:description>
          <maml:para>A request body, either as a `PSCustomObject` or a string. This parameter supports pipelining.</maml:para>
        </maml:description>
        <command:parameterValue required="true" variableLength="false">Object</command:parameterValue>
        <dev:type>
          <maml:name>Object</maml:name>
          <maml:uri />
        </dev:type>
        <dev:defaultValue>None</dev:defaultValue>
      </command:parameter>
      <command:parameter required="true" variableLength="true" globbing="false" pipelineInput="False" position="0" aliases="none">
        <maml:name>CPCodeID</maml:name>
        <maml:description>
          <maml:para>Your CP code's ID.</maml:para>
        </maml:description>
        <command:parameterValue required="true" variableLength="false">Int32</command:parameterValue>
        <dev:type>
          <maml:name>Int32</maml:name>
          <maml:uri />
        </dev:type>
        <dev:defaultValue>None</dev:defaultValue>
      </command:parameter>
      <command:parameter required="false" variableLength="true" globbing="false" pipelineInput="False" position="2" aliases="none">
        <maml:name>EdgeRCFile</maml:name>
        <maml:description>
          <maml:para>Your EdgeGrid resource file to authenticate your command. Defaults to `~/.edgerc`.</maml:para>
        </maml:description>
        <command:parameterValue required="true" variableLength="false">String</command:parameterValue>
        <dev:type>
          <maml:name>String</maml:name>
          <maml:uri />
        </dev:type>
        <dev:defaultValue>None</dev:defaultValue>
      </command:parameter>
      <command:parameter required="false" variableLength="true" globbing="false" pipelineInput="False" position="3" aliases="none">
        <maml:name>Section</maml:name>
        <maml:description>
          <maml:para>The section name in your EdgeGrid resource file to retrieve authentication credentials from. Defaults to `default`.</maml:para>
        </maml:description>
        <command:parameterValue required="true" variableLength="false">String</command:parameterValue>
        <dev:type>
          <maml:name>String</maml:name>
          <maml:uri />
        </dev:type>
        <dev:defaultValue>None</dev:defaultValue>
      </command:parameter>
    </command:parameters>
    <command:inputTypes>
      <command:inputType>
        <dev:type>
          <maml:name>System.Object</maml:name>
        </dev:type>
        <maml:description>
          <maml:para></maml:para>
        </maml:description>
      </command:inputType>
    </command:inputTypes>
    <command:returnValues>
      <command:returnValue>
        <dev:type>
          <maml:name>System.Object</maml:name>
        </dev:type>
        <maml:description>
          <maml:para></maml:para>
        </maml:description>
      </command:returnValue>
    </command:returnValues>
    <maml:alertSet>
      <maml:alert>
        <maml:para></maml:para>
      </maml:alert>
    </maml:alertSet>
    <command:examples />
    <command:relatedLinks>
      <maml:navigationLink>
        <maml:linkText>User Guide: CP Codes</maml:linkText>
        <maml:uri>https://techdocs.akamai.com/powershell/docs/cp-codes</maml:uri>
      </maml:navigationLink>
      <maml:navigationLink>
        <maml:linkText>Function Reference</maml:linkText>
        <maml:uri>https://techdocs.akamai.com/powershell/docs/set-cpcode</maml:uri>
      </maml:navigationLink>
      <maml:navigationLink>
        <maml:linkText>API Reference</maml:linkText>
        <maml:uri>https://techdocs.akamai.com/cp-codes/reference/put-cpcode</maml:uri>
      </maml:navigationLink>
    </command:relatedLinks>
  </command:command>
  <command:command xmlns:maml="http://schemas.microsoft.com/maml/2004/10" xmlns:command="http://schemas.microsoft.com/maml/dev/command/2004/10" xmlns:dev="http://schemas.microsoft.com/maml/dev/2004/10" xmlns:MSHelp="http://msdn.microsoft.com/mshelp">
    <command:details>
      <command:name>Set-CPReportingGroup</command:name>
      <command:verb>Set</command:verb>
      <command:noun>CPReportingGroup</command:noun>
      <maml:description>
        <maml:para>Update a reporting group.</maml:para>
      </maml:description>
    </command:details>
    <maml:description>
      <maml:para>Modifies a specific reporting group. You can only modify a reporting group's name and assigned CP codes. </maml:para>
      <maml:para>&gt; Note: Due to the complexity of the request body, it's recommended that you retrieve the existing reporting group with the `Get-CPReportingGroup` operation, edit it locally, and pipe the result to this command.</maml:para>
    </maml:description>
    <command:syntax>
      <command:syntaxItem>
        <maml:name>Set-CPReportingGroup</maml:name>
        <command:parameter required="true" variableLength="true" globbing="false" pipelineInput="False" position="0" aliases="none">
          <maml:name>ReportingGroupID</maml:name>
          <maml:description>
            <maml:para>Your reporting group's ID.</maml:para>
          </maml:description>
          <command:parameterValue required="true" variableLength="false">Int32</command:parameterValue>
          <dev:type>
            <maml:name>Int32</maml:name>
            <maml:uri />
          </dev:type>
          <dev:defaultValue>None</dev:defaultValue>
        </command:parameter>
        <command:parameter required="true" variableLength="true" globbing="false" pipelineInput="True (ByValue)" position="1" aliases="none">
          <maml:name>Body</maml:name>
          <maml:description>
            <maml:para>A request body, either as a `PSCustomObject` or a string. This parameter supports pipelining.</maml:para>
          </maml:description>
          <command:parameterValue required="true" variableLength="false">Object</command:parameterValue>
          <dev:type>
            <maml:name>Object</maml:name>
            <maml:uri />
          </dev:type>
          <dev:defaultValue>None</dev:defaultValue>
        </command:parameter>
        <command:parameter required="false" variableLength="true" globbing="false" pipelineInput="False" position="2" aliases="none">
          <maml:name>EdgeRCFile</maml:name>
          <maml:description>
            <maml:para>Your EdgeGrid resource file to authenticate your command. Defaults to `~/.edgerc`.</maml:para>
          </maml:description>
          <command:parameterValue required="true" variableLength="false">String</command:parameterValue>
          <dev:type>
            <maml:name>String</maml:name>
            <maml:uri />
          </dev:type>
          <dev:defaultValue>None</dev:defaultValue>
        </command:parameter>
        <command:parameter required="false" variableLength="true" globbing="false" pipelineInput="False" position="3" aliases="none">
          <maml:name>Section</maml:name>
          <maml:description>
            <maml:para>The section name in your EdgeGrid resource file to retrieve authentication credentials from. Defaults to `default`.</maml:para>
          </maml:description>
          <command:parameterValue required="true" variableLength="false">String</command:parameterValue>
          <dev:type>
            <maml:name>String</maml:name>
            <maml:uri />
          </dev:type>
          <dev:defaultValue>None</dev:defaultValue>
        </command:parameter>
        <command:parameter required="false" variableLength="true" globbing="false" pipelineInput="False" position="4" aliases="none">
          <maml:name>AccountSwitchKey</maml:name>
          <maml:description>
            <maml:para>An account credential key that lets you move between accounts when using an API client enabled for multiple accounts. To find account switch keys, use Get-AccountSwitchKey (https://techdocs.akamai.com/powershell/docs/get-accountswitchkey).</maml:para>
          </maml:description>
          <command:parameterValue required="true" variableLength="false">String</command:parameterValue>
          <dev:type>
            <maml:name>String</maml:name>
            <maml:uri />
          </dev:type>
          <dev:defaultValue>None</dev:defaultValue>
        </command:parameter>
      </command:syntaxItem>
    </command:syntax>
    <command:parameters>
      <command:parameter required="false" variableLength="true" globbing="false" pipelineInput="False" position="4" aliases="none">
        <maml:name>AccountSwitchKey</maml:name>
        <maml:description>
          <maml:para>An account credential key that lets you move between accounts when using an API client enabled for multiple accounts. To find account switch keys, use Get-AccountSwitchKey (https://techdocs.akamai.com/powershell/docs/get-accountswitchkey).</maml:para>
        </maml:description>
        <command:parameterValue required="true" variableLength="false">String</command:parameterValue>
        <dev:type>
          <maml:name>String</maml:name>
          <maml:uri />
        </dev:type>
        <dev:defaultValue>None</dev:defaultValue>
      </command:parameter>
      <command:parameter required="true" variableLength="true" globbing="false" pipelineInput="True (ByValue)" position="1" aliases="none">
        <maml:name>Body</maml:name>
        <maml:description>
          <maml:para>A request body, either as a `PSCustomObject` or a string. This parameter supports pipelining.</maml:para>
        </maml:description>
        <command:parameterValue required="true" variableLength="false">Object</command:parameterValue>
        <dev:type>
          <maml:name>Object</maml:name>
          <maml:uri />
        </dev:type>
        <dev:defaultValue>None</dev:defaultValue>
      </command:parameter>
      <command:parameter required="false" variableLength="true" globbing="false" pipelineInput="False" position="2" aliases="none">
        <maml:name>EdgeRCFile</maml:name>
        <maml:description>
          <maml:para>Your EdgeGrid resource file to authenticate your command. Defaults to `~/.edgerc`.</maml:para>
        </maml:description>
        <command:parameterValue required="true" variableLength="false">String</command:parameterValue>
        <dev:type>
          <maml:name>String</maml:name>
          <maml:uri />
        </dev:type>
        <dev:defaultValue>None</dev:defaultValue>
      </command:parameter>
      <command:parameter required="true" variableLength="true" globbing="false" pipelineInput="False" position="0" aliases="none">
        <maml:name>ReportingGroupID</maml:name>
        <maml:description>
          <maml:para>Your reporting group's ID.</maml:para>
        </maml:description>
        <command:parameterValue required="true" variableLength="false">Int32</command:parameterValue>
        <dev:type>
          <maml:name>Int32</maml:name>
          <maml:uri />
        </dev:type>
        <dev:defaultValue>None</dev:defaultValue>
      </command:parameter>
      <command:parameter required="false" variableLength="true" globbing="false" pipelineInput="False" position="3" aliases="none">
        <maml:name>Section</maml:name>
        <maml:description>
          <maml:para>The section name in your EdgeGrid resource file to retrieve authentication credentials from. Defaults to `default`.</maml:para>
        </maml:description>
        <command:parameterValue required="true" variableLength="false">String</command:parameterValue>
        <dev:type>
          <maml:name>String</maml:name>
          <maml:uri />
        </dev:type>
        <dev:defaultValue>None</dev:defaultValue>
      </command:parameter>
    </command:parameters>
    <command:inputTypes>
      <command:inputType>
        <dev:type>
          <maml:name>System.Object</maml:name>
        </dev:type>
        <maml:description>
          <maml:para></maml:para>
        </maml:description>
      </command:inputType>
    </command:inputTypes>
    <command:returnValues>
      <command:returnValue>
        <dev:type>
          <maml:name>System.Object</maml:name>
        </dev:type>
        <maml:description>
          <maml:para></maml:para>
        </maml:description>
      </command:returnValue>
    </command:returnValues>
    <maml:alertSet>
      <maml:alert>
        <maml:para></maml:para>
      </maml:alert>
    </maml:alertSet>
    <command:examples />
    <command:relatedLinks>
      <maml:navigationLink>
        <maml:linkText>User Guide: CP Codes</maml:linkText>
        <maml:uri>https://techdocs.akamai.com/powershell/docs/cp-codes</maml:uri>
      </maml:navigationLink>
      <maml:navigationLink>
        <maml:linkText>Function Reference</maml:linkText>
        <maml:uri>https://techdocs.akamai.com/powershell/docs/set-cpreportinggroup</maml:uri>
      </maml:navigationLink>
      <maml:navigationLink>
        <maml:linkText>API Reference</maml:linkText>
        <maml:uri>https://techdocs.akamai.com/cp-codes/reference/put-reporting-group</maml:uri>
      </maml:navigationLink>
    </command:relatedLinks>
  </command:command>
</helpItems>