﻿<?xml version="1.0" encoding="utf-8"?>
<helpItems schema="maml" xmlns="http://msh">
  <command:command xmlns:maml="http://schemas.microsoft.com/maml/2004/10" xmlns:command="http://schemas.microsoft.com/maml/dev/command/2004/10" xmlns:dev="http://schemas.microsoft.com/maml/dev/2004/10" xmlns:MSHelp="http://msdn.microsoft.com/mshelp">
    <command:details>
      <command:name>Get-CloudAccessKey</command:name>
      <command:verb>Get</command:verb>
      <command:noun>CloudAccessKey</command:noun>
      <maml:description>
        <maml:para>Get an access key.</maml:para>
      </maml:description>
    </command:details>
    <maml:description>
      <maml:para>Gets all cloud access keys available to you or returns a specific key by its UID.</maml:para>
    </maml:description>
    <command:syntax>
      <command:syntaxItem>
        <maml:name>Get-CloudAccessKey</maml:name>
        <command:parameter required="false" variableLength="true" globbing="false" pipelineInput="False" position="named" aliases="none">
          <maml:name>AccessKeyUID</maml:name>
          <maml:description>
            <maml:para>Your access key's ID.</maml:para>
          </maml:description>
          <command:parameterValue required="true" variableLength="false">Int32</command:parameterValue>
          <dev:type>
            <maml:name>Int32</maml:name>
            <maml:uri />
          </dev:type>
          <dev:defaultValue>None</dev:defaultValue>
        </command:parameter>
        <command:parameter required="false" variableLength="true" globbing="false" pipelineInput="False" position="named" aliases="none">
          <maml:name>AccountSwitchKey</maml:name>
          <maml:description>
            <maml:para>An account credential key that lets you move between accounts when using an API client enabled for multiple accounts. To find account switch keys, use Get-AccountSwitchKey (https://techdocs.akamai.com/powershell/docs/get-accountswitchkey).</maml:para>
          </maml:description>
          <command:parameterValue required="true" variableLength="false">String</command:parameterValue>
          <dev:type>
            <maml:name>String</maml:name>
            <maml:uri />
          </dev:type>
          <dev:defaultValue>None</dev:defaultValue>
        </command:parameter>
        <command:parameter required="false" variableLength="true" globbing="false" pipelineInput="False" position="named" aliases="none">
          <maml:name>EdgeRCFile</maml:name>
          <maml:description>
            <maml:para>Your EdgeGrid resource file to authenticate your command. Defaults to `~/.edgerc`.</maml:para>
          </maml:description>
          <command:parameterValue required="true" variableLength="false">String</command:parameterValue>
          <dev:type>
            <maml:name>String</maml:name>
            <maml:uri />
          </dev:type>
          <dev:defaultValue>None</dev:defaultValue>
        </command:parameter>
        <command:parameter required="false" variableLength="true" globbing="false" pipelineInput="False" position="named" aliases="none">
          <maml:name>Section</maml:name>
          <maml:description>
            <maml:para>The section name in your EdgeGrid resource file to retrieve authentication credentials from. Defaults to `default`.</maml:para>
          </maml:description>
          <command:parameterValue required="true" variableLength="false">String</command:parameterValue>
          <dev:type>
            <maml:name>String</maml:name>
            <maml:uri />
          </dev:type>
          <dev:defaultValue>None</dev:defaultValue>
        </command:parameter>
      </command:syntaxItem>
      <command:syntaxItem>
        <maml:name>Get-CloudAccessKey</maml:name>
        <command:parameter required="false" variableLength="true" globbing="false" pipelineInput="False" position="named" aliases="none">
          <maml:name>AccountSwitchKey</maml:name>
          <maml:description>
            <maml:para>An account credential key that lets you move between accounts when using an API client enabled for multiple accounts. To find account switch keys, use Get-AccountSwitchKey (https://techdocs.akamai.com/powershell/docs/get-accountswitchkey).</maml:para>
          </maml:description>
          <command:parameterValue required="true" variableLength="false">String</command:parameterValue>
          <dev:type>
            <maml:name>String</maml:name>
            <maml:uri />
          </dev:type>
          <dev:defaultValue>None</dev:defaultValue>
        </command:parameter>
        <command:parameter required="false" variableLength="true" globbing="false" pipelineInput="False" position="named" aliases="none">
          <maml:name>EdgeRCFile</maml:name>
          <maml:description>
            <maml:para>Your EdgeGrid resource file to authenticate your command. Defaults to `~/.edgerc`.</maml:para>
          </maml:description>
          <command:parameterValue required="true" variableLength="false">String</command:parameterValue>
          <dev:type>
            <maml:name>String</maml:name>
            <maml:uri />
          </dev:type>
          <dev:defaultValue>None</dev:defaultValue>
        </command:parameter>
        <command:parameter required="false" variableLength="true" globbing="false" pipelineInput="False" position="named" aliases="none">
          <maml:name>Section</maml:name>
          <maml:description>
            <maml:para>The section name in your EdgeGrid resource file to retrieve authentication credentials from. Defaults to `default`.</maml:para>
          </maml:description>
          <command:parameterValue required="true" variableLength="false">String</command:parameterValue>
          <dev:type>
            <maml:name>String</maml:name>
            <maml:uri />
          </dev:type>
          <dev:defaultValue>None</dev:defaultValue>
        </command:parameter>
        <command:parameter required="false" variableLength="true" globbing="false" pipelineInput="False" position="named" aliases="none">
          <maml:name>VersionGUID</maml:name>
          <maml:description>
            <maml:para>Your access key version's ID.</maml:para>
          </maml:description>
          <command:parameterValue required="true" variableLength="false">String</command:parameterValue>
          <dev:type>
            <maml:name>String</maml:name>
            <maml:uri />
          </dev:type>
          <dev:defaultValue>None</dev:defaultValue>
        </command:parameter>
      </command:syntaxItem>
    </command:syntax>
    <command:parameters>
      <command:parameter required="false" variableLength="true" globbing="false" pipelineInput="False" position="named" aliases="none">
        <maml:name>AccessKeyUID</maml:name>
        <maml:description>
          <maml:para>Your access key's ID.</maml:para>
        </maml:description>
        <command:parameterValue required="true" variableLength="false">Int32</command:parameterValue>
        <dev:type>
          <maml:name>Int32</maml:name>
          <maml:uri />
        </dev:type>
        <dev:defaultValue>None</dev:defaultValue>
      </command:parameter>
      <command:parameter required="false" variableLength="true" globbing="false" pipelineInput="False" position="named" aliases="none">
        <maml:name>AccountSwitchKey</maml:name>
        <maml:description>
          <maml:para>An account credential key that lets you move between accounts when using an API client enabled for multiple accounts. To find account switch keys, use Get-AccountSwitchKey (https://techdocs.akamai.com/powershell/docs/get-accountswitchkey).</maml:para>
        </maml:description>
        <command:parameterValue required="true" variableLength="false">String</command:parameterValue>
        <dev:type>
          <maml:name>String</maml:name>
          <maml:uri />
        </dev:type>
        <dev:defaultValue>None</dev:defaultValue>
      </command:parameter>
      <command:parameter required="false" variableLength="true" globbing="false" pipelineInput="False" position="named" aliases="none">
        <maml:name>EdgeRCFile</maml:name>
        <maml:description>
          <maml:para>Your EdgeGrid resource file to authenticate your command. Defaults to `~/.edgerc`.</maml:para>
        </maml:description>
        <command:parameterValue required="true" variableLength="false">String</command:parameterValue>
        <dev:type>
          <maml:name>String</maml:name>
          <maml:uri />
        </dev:type>
        <dev:defaultValue>None</dev:defaultValue>
      </command:parameter>
      <command:parameter required="false" variableLength="true" globbing="false" pipelineInput="False" position="named" aliases="none">
        <maml:name>Section</maml:name>
        <maml:description>
          <maml:para>The section name in your EdgeGrid resource file to retrieve authentication credentials from. Defaults to `default`.</maml:para>
        </maml:description>
        <command:parameterValue required="true" variableLength="false">String</command:parameterValue>
        <dev:type>
          <maml:name>String</maml:name>
          <maml:uri />
        </dev:type>
        <dev:defaultValue>None</dev:defaultValue>
      </command:parameter>
      <command:parameter required="false" variableLength="true" globbing="false" pipelineInput="False" position="named" aliases="none">
        <maml:name>VersionGUID</maml:name>
        <maml:description>
          <maml:para>Your access key version's ID.</maml:para>
        </maml:description>
        <command:parameterValue required="true" variableLength="false">String</command:parameterValue>
        <dev:type>
          <maml:name>String</maml:name>
          <maml:uri />
        </dev:type>
        <dev:defaultValue>None</dev:defaultValue>
      </command:parameter>
    </command:parameters>
    <command:inputTypes>
      <command:inputType>
        <dev:type>
          <maml:name>None</maml:name>
        </dev:type>
        <maml:description>
          <maml:para></maml:para>
        </maml:description>
      </command:inputType>
    </command:inputTypes>
    <command:returnValues>
      <command:returnValue>
        <dev:type>
          <maml:name>System.Object</maml:name>
        </dev:type>
        <maml:description>
          <maml:para></maml:para>
        </maml:description>
      </command:returnValue>
    </command:returnValues>
    <maml:alertSet>
      <maml:alert>
        <maml:para></maml:para>
      </maml:alert>
    </maml:alertSet>
    <command:examples />
    <command:relatedLinks>
      <maml:navigationLink>
        <maml:linkText>User Guide: Overview</maml:linkText>
        <maml:uri>https://techdocs.akamai.com/powershell/docs/overview</maml:uri>
      </maml:navigationLink>
      <maml:navigationLink>
        <maml:linkText>Function Reference</maml:linkText>
        <maml:uri>https://techdocs.akamai.com/powershell/docs/get-cloudaccesskey</maml:uri>
      </maml:navigationLink>
      <maml:navigationLink>
        <maml:linkText>API Reference</maml:linkText>
        <maml:uri>https://techdocs.akamai.com/cloud-access-mgr/reference/get-access-key</maml:uri>
      </maml:navigationLink>
    </command:relatedLinks>
  </command:command>
  <command:command xmlns:maml="http://schemas.microsoft.com/maml/2004/10" xmlns:command="http://schemas.microsoft.com/maml/dev/command/2004/10" xmlns:dev="http://schemas.microsoft.com/maml/dev/2004/10" xmlns:MSHelp="http://msdn.microsoft.com/mshelp">
    <command:details>
      <command:name>Get-CloudAccessKeyCreateRequest</command:name>
      <command:verb>Get</command:verb>
      <command:noun>CloudAccessKeyCreateRequest</command:noun>
      <maml:description>
        <maml:para>Get the status of an access key.</maml:para>
      </maml:description>
    </command:details>
    <maml:description>
      <maml:para>Gets the current status and other details for a request to create a new access key.</maml:para>
    </maml:description>
    <command:syntax>
      <command:syntaxItem>
        <maml:name>Get-CloudAccessKeyCreateRequest</maml:name>
        <command:parameter required="true" variableLength="true" globbing="false" pipelineInput="False" position="0" aliases="none">
          <maml:name>RequestID</maml:name>
          <maml:description>
            <maml:para>Your status request's ID.</maml:para>
          </maml:description>
          <command:parameterValue required="true" variableLength="false">String</command:parameterValue>
          <dev:type>
            <maml:name>String</maml:name>
            <maml:uri />
          </dev:type>
          <dev:defaultValue>None</dev:defaultValue>
        </command:parameter>
        <command:parameter required="false" variableLength="true" globbing="false" pipelineInput="False" position="1" aliases="none">
          <maml:name>EdgeRCFile</maml:name>
          <maml:description>
            <maml:para>Your EdgeGrid resource file to authenticate your command. Defaults to `~/.edgerc`.</maml:para>
          </maml:description>
          <command:parameterValue required="true" variableLength="false">String</command:parameterValue>
          <dev:type>
            <maml:name>String</maml:name>
            <maml:uri />
          </dev:type>
          <dev:defaultValue>None</dev:defaultValue>
        </command:parameter>
        <command:parameter required="false" variableLength="true" globbing="false" pipelineInput="False" position="2" aliases="none">
          <maml:name>Section</maml:name>
          <maml:description>
            <maml:para>The section name in your EdgeGrid resource file to retrieve authentication credentials from. Defaults to `default`.</maml:para>
          </maml:description>
          <command:parameterValue required="true" variableLength="false">String</command:parameterValue>
          <dev:type>
            <maml:name>String</maml:name>
            <maml:uri />
          </dev:type>
          <dev:defaultValue>None</dev:defaultValue>
        </command:parameter>
        <command:parameter required="false" variableLength="true" globbing="false" pipelineInput="False" position="3" aliases="none">
          <maml:name>AccountSwitchKey</maml:name>
          <maml:description>
            <maml:para>An account credential key that lets you move between accounts when using an API client enabled for multiple accounts. To find account switch keys, use Get-AccountSwitchKey (https://techdocs.akamai.com/powershell/docs/get-accountswitchkey).</maml:para>
          </maml:description>
          <command:parameterValue required="true" variableLength="false">String</command:parameterValue>
          <dev:type>
            <maml:name>String</maml:name>
            <maml:uri />
          </dev:type>
          <dev:defaultValue>None</dev:defaultValue>
        </command:parameter>
      </command:syntaxItem>
    </command:syntax>
    <command:parameters>
      <command:parameter required="false" variableLength="true" globbing="false" pipelineInput="False" position="3" aliases="none">
        <maml:name>AccountSwitchKey</maml:name>
        <maml:description>
          <maml:para>An account credential key that lets you move between accounts when using an API client enabled for multiple accounts. To find account switch keys, use Get-AccountSwitchKey (https://techdocs.akamai.com/powershell/docs/get-accountswitchkey).</maml:para>
        </maml:description>
        <command:parameterValue required="true" variableLength="false">String</command:parameterValue>
        <dev:type>
          <maml:name>String</maml:name>
          <maml:uri />
        </dev:type>
        <dev:defaultValue>None</dev:defaultValue>
      </command:parameter>
      <command:parameter required="false" variableLength="true" globbing="false" pipelineInput="False" position="1" aliases="none">
        <maml:name>EdgeRCFile</maml:name>
        <maml:description>
          <maml:para>Your EdgeGrid resource file to authenticate your command. Defaults to `~/.edgerc`.</maml:para>
        </maml:description>
        <command:parameterValue required="true" variableLength="false">String</command:parameterValue>
        <dev:type>
          <maml:name>String</maml:name>
          <maml:uri />
        </dev:type>
        <dev:defaultValue>None</dev:defaultValue>
      </command:parameter>
      <command:parameter required="true" variableLength="true" globbing="false" pipelineInput="False" position="0" aliases="none">
        <maml:name>RequestID</maml:name>
        <maml:description>
          <maml:para>Your status request's ID.</maml:para>
        </maml:description>
        <command:parameterValue required="true" variableLength="false">String</command:parameterValue>
        <dev:type>
          <maml:name>String</maml:name>
          <maml:uri />
        </dev:type>
        <dev:defaultValue>None</dev:defaultValue>
      </command:parameter>
      <command:parameter required="false" variableLength="true" globbing="false" pipelineInput="False" position="2" aliases="none">
        <maml:name>Section</maml:name>
        <maml:description>
          <maml:para>The section name in your EdgeGrid resource file to retrieve authentication credentials from. Defaults to `default`.</maml:para>
        </maml:description>
        <command:parameterValue required="true" variableLength="false">String</command:parameterValue>
        <dev:type>
          <maml:name>String</maml:name>
          <maml:uri />
        </dev:type>
        <dev:defaultValue>None</dev:defaultValue>
      </command:parameter>
    </command:parameters>
    <command:inputTypes>
      <command:inputType>
        <dev:type>
          <maml:name>None</maml:name>
        </dev:type>
        <maml:description>
          <maml:para></maml:para>
        </maml:description>
      </command:inputType>
    </command:inputTypes>
    <command:returnValues>
      <command:returnValue>
        <dev:type>
          <maml:name>System.Object</maml:name>
        </dev:type>
        <maml:description>
          <maml:para></maml:para>
        </maml:description>
      </command:returnValue>
    </command:returnValues>
    <maml:alertSet>
      <maml:alert>
        <maml:para></maml:para>
      </maml:alert>
    </maml:alertSet>
    <command:examples />
    <command:relatedLinks>
      <maml:navigationLink>
        <maml:linkText>User Guide: Overview</maml:linkText>
        <maml:uri>https://techdocs.akamai.com/powershell/docs/overview</maml:uri>
      </maml:navigationLink>
      <maml:navigationLink>
        <maml:linkText>Function Reference</maml:linkText>
        <maml:uri>https://techdocs.akamai.com/powershell/docs/get-cloudaccesskeycreaterequest</maml:uri>
      </maml:navigationLink>
      <maml:navigationLink>
        <maml:linkText>API Reference</maml:linkText>
        <maml:uri>https://techdocs.akamai.com/cloud-access-mgr/reference/get-access-key-create-request</maml:uri>
      </maml:navigationLink>
    </command:relatedLinks>
  </command:command>
  <command:command xmlns:maml="http://schemas.microsoft.com/maml/2004/10" xmlns:command="http://schemas.microsoft.com/maml/dev/command/2004/10" xmlns:dev="http://schemas.microsoft.com/maml/dev/2004/10" xmlns:MSHelp="http://msdn.microsoft.com/mshelp">
    <command:details>
      <command:name>Get-CloudAccessKeyVersion</command:name>
      <command:verb>Get</command:verb>
      <command:noun>CloudAccessKeyVersion</command:noun>
      <maml:description>
        <maml:para>Get an access key version.</maml:para>
      </maml:description>
    </command:details>
    <maml:description>
      <maml:para>Gets all versions of a cloud access key or returns a specific version.</maml:para>
    </maml:description>
    <command:syntax>
      <command:syntaxItem>
        <maml:name>Get-CloudAccessKeyVersion</maml:name>
        <command:parameter required="true" variableLength="true" globbing="false" pipelineInput="False" position="0" aliases="none">
          <maml:name>AccessKeyUID</maml:name>
          <maml:description>
            <maml:para>Your access key's ID.</maml:para>
          </maml:description>
          <command:parameterValue required="true" variableLength="false">Int32</command:parameterValue>
          <dev:type>
            <maml:name>Int32</maml:name>
            <maml:uri />
          </dev:type>
          <dev:defaultValue>None</dev:defaultValue>
        </command:parameter>
        <command:parameter required="false" variableLength="true" globbing="false" pipelineInput="False" position="1" aliases="none">
          <maml:name>Version</maml:name>
          <maml:description>
            <maml:para>Your access key's version.</maml:para>
          </maml:description>
          <command:parameterValue required="true" variableLength="false">Int32</command:parameterValue>
          <dev:type>
            <maml:name>Int32</maml:name>
            <maml:uri />
          </dev:type>
          <dev:defaultValue>None</dev:defaultValue>
        </command:parameter>
        <command:parameter required="false" variableLength="true" globbing="false" pipelineInput="False" position="2" aliases="none">
          <maml:name>EdgeRCFile</maml:name>
          <maml:description>
            <maml:para>Your EdgeGrid resource file to authenticate your command. Defaults to `~/.edgerc`.</maml:para>
          </maml:description>
          <command:parameterValue required="true" variableLength="false">String</command:parameterValue>
          <dev:type>
            <maml:name>String</maml:name>
            <maml:uri />
          </dev:type>
          <dev:defaultValue>None</dev:defaultValue>
        </command:parameter>
        <command:parameter required="false" variableLength="true" globbing="false" pipelineInput="False" position="3" aliases="none">
          <maml:name>Section</maml:name>
          <maml:description>
            <maml:para>The section name in your EdgeGrid resource file to retrieve authentication credentials from. Defaults to `default`.</maml:para>
          </maml:description>
          <command:parameterValue required="true" variableLength="false">String</command:parameterValue>
          <dev:type>
            <maml:name>String</maml:name>
            <maml:uri />
          </dev:type>
          <dev:defaultValue>None</dev:defaultValue>
        </command:parameter>
        <command:parameter required="false" variableLength="true" globbing="false" pipelineInput="False" position="4" aliases="none">
          <maml:name>AccountSwitchKey</maml:name>
          <maml:description>
            <maml:para>An account credential key that lets you move between accounts when using an API client enabled for multiple accounts. To find account switch keys, use Get-AccountSwitchKey (https://techdocs.akamai.com/powershell/docs/get-accountswitchkey).</maml:para>
          </maml:description>
          <command:parameterValue required="true" variableLength="false">String</command:parameterValue>
          <dev:type>
            <maml:name>String</maml:name>
            <maml:uri />
          </dev:type>
          <dev:defaultValue>None</dev:defaultValue>
        </command:parameter>
      </command:syntaxItem>
    </command:syntax>
    <command:parameters>
      <command:parameter required="true" variableLength="true" globbing="false" pipelineInput="False" position="0" aliases="none">
        <maml:name>AccessKeyUID</maml:name>
        <maml:description>
          <maml:para>Your access key's ID.</maml:para>
        </maml:description>
        <command:parameterValue required="true" variableLength="false">Int32</command:parameterValue>
        <dev:type>
          <maml:name>Int32</maml:name>
          <maml:uri />
        </dev:type>
        <dev:defaultValue>None</dev:defaultValue>
      </command:parameter>
      <command:parameter required="false" variableLength="true" globbing="false" pipelineInput="False" position="4" aliases="none">
        <maml:name>AccountSwitchKey</maml:name>
        <maml:description>
          <maml:para>An account credential key that lets you move between accounts when using an API client enabled for multiple accounts. To find account switch keys, use Get-AccountSwitchKey (https://techdocs.akamai.com/powershell/docs/get-accountswitchkey).</maml:para>
        </maml:description>
        <command:parameterValue required="true" variableLength="false">String</command:parameterValue>
        <dev:type>
          <maml:name>String</maml:name>
          <maml:uri />
        </dev:type>
        <dev:defaultValue>None</dev:defaultValue>
      </command:parameter>
      <command:parameter required="false" variableLength="true" globbing="false" pipelineInput="False" position="2" aliases="none">
        <maml:name>EdgeRCFile</maml:name>
        <maml:description>
          <maml:para>Your EdgeGrid resource file to authenticate your command. Defaults to `~/.edgerc`.</maml:para>
        </maml:description>
        <command:parameterValue required="true" variableLength="false">String</command:parameterValue>
        <dev:type>
          <maml:name>String</maml:name>
          <maml:uri />
        </dev:type>
        <dev:defaultValue>None</dev:defaultValue>
      </command:parameter>
      <command:parameter required="false" variableLength="true" globbing="false" pipelineInput="False" position="3" aliases="none">
        <maml:name>Section</maml:name>
        <maml:description>
          <maml:para>The section name in your EdgeGrid resource file to retrieve authentication credentials from. Defaults to `default`.</maml:para>
        </maml:description>
        <command:parameterValue required="true" variableLength="false">String</command:parameterValue>
        <dev:type>
          <maml:name>String</maml:name>
          <maml:uri />
        </dev:type>
        <dev:defaultValue>None</dev:defaultValue>
      </command:parameter>
      <command:parameter required="false" variableLength="true" globbing="false" pipelineInput="False" position="1" aliases="none">
        <maml:name>Version</maml:name>
        <maml:description>
          <maml:para>Your access key's version.</maml:para>
        </maml:description>
        <command:parameterValue required="true" variableLength="false">Int32</command:parameterValue>
        <dev:type>
          <maml:name>Int32</maml:name>
          <maml:uri />
        </dev:type>
        <dev:defaultValue>None</dev:defaultValue>
      </command:parameter>
    </command:parameters>
    <command:inputTypes>
      <command:inputType>
        <dev:type>
          <maml:name>None</maml:name>
        </dev:type>
        <maml:description>
          <maml:para></maml:para>
        </maml:description>
      </command:inputType>
    </command:inputTypes>
    <command:returnValues>
      <command:returnValue>
        <dev:type>
          <maml:name>System.Object</maml:name>
        </dev:type>
        <maml:description>
          <maml:para></maml:para>
        </maml:description>
      </command:returnValue>
    </command:returnValues>
    <maml:alertSet>
      <maml:alert>
        <maml:para></maml:para>
      </maml:alert>
    </maml:alertSet>
    <command:examples />
    <command:relatedLinks>
      <maml:navigationLink>
        <maml:linkText>User Guide: Overview</maml:linkText>
        <maml:uri>https://techdocs.akamai.com/powershell/docs/overview</maml:uri>
      </maml:navigationLink>
      <maml:navigationLink>
        <maml:linkText>Function Reference</maml:linkText>
        <maml:uri>https://techdocs.akamai.com/powershell/docs/get-cloudaccesskeyversion</maml:uri>
      </maml:navigationLink>
      <maml:navigationLink>
        <maml:linkText>API Reference</maml:linkText>
        <maml:uri>https://techdocs.akamai.com/cloud-access-mgr/reference/get-access-key-version</maml:uri>
      </maml:navigationLink>
    </command:relatedLinks>
  </command:command>
  <command:command xmlns:maml="http://schemas.microsoft.com/maml/2004/10" xmlns:command="http://schemas.microsoft.com/maml/dev/command/2004/10" xmlns:dev="http://schemas.microsoft.com/maml/dev/2004/10" xmlns:MSHelp="http://msdn.microsoft.com/mshelp">
    <command:details>
      <command:name>Get-CloudAccessKeyVersionCreateRequest</command:name>
      <command:verb>Get</command:verb>
      <command:noun>CloudAccessKeyVersionCreateRequest</command:noun>
      <maml:description>
        <maml:para>Get the status of an access key version.</maml:para>
      </maml:description>
    </command:details>
    <maml:description>
      <maml:para>Gets the current status and other details for a request to create a new access key version.</maml:para>
    </maml:description>
    <command:syntax>
      <command:syntaxItem>
        <maml:name>Get-CloudAccessKeyVersionCreateRequest</maml:name>
        <command:parameter required="true" variableLength="true" globbing="false" pipelineInput="False" position="0" aliases="none">
          <maml:name>RequestID</maml:name>
          <maml:description>
            <maml:para>Your status request's ID.</maml:para>
          </maml:description>
          <command:parameterValue required="true" variableLength="false">Int32</command:parameterValue>
          <dev:type>
            <maml:name>Int32</maml:name>
            <maml:uri />
          </dev:type>
          <dev:defaultValue>None</dev:defaultValue>
        </command:parameter>
        <command:parameter required="false" variableLength="true" globbing="false" pipelineInput="False" position="1" aliases="none">
          <maml:name>EdgeRCFile</maml:name>
          <maml:description>
            <maml:para>Your EdgeGrid resource file to authenticate your command. Defaults to `~/.edgerc`.</maml:para>
          </maml:description>
          <command:parameterValue required="true" variableLength="false">String</command:parameterValue>
          <dev:type>
            <maml:name>String</maml:name>
            <maml:uri />
          </dev:type>
          <dev:defaultValue>None</dev:defaultValue>
        </command:parameter>
        <command:parameter required="false" variableLength="true" globbing="false" pipelineInput="False" position="2" aliases="none">
          <maml:name>Section</maml:name>
          <maml:description>
            <maml:para>The section name in your EdgeGrid resource file to retrieve authentication credentials from. Defaults to `default`.</maml:para>
          </maml:description>
          <command:parameterValue required="true" variableLength="false">String</command:parameterValue>
          <dev:type>
            <maml:name>String</maml:name>
            <maml:uri />
          </dev:type>
          <dev:defaultValue>None</dev:defaultValue>
        </command:parameter>
        <command:parameter required="false" variableLength="true" globbing="false" pipelineInput="False" position="3" aliases="none">
          <maml:name>AccountSwitchKey</maml:name>
          <maml:description>
            <maml:para>An account credential key that lets you move between accounts when using an API client enabled for multiple accounts. To find account switch keys, use Get-AccountSwitchKey (https://techdocs.akamai.com/powershell/docs/get-accountswitchkey).</maml:para>
          </maml:description>
          <command:parameterValue required="true" variableLength="false">String</command:parameterValue>
          <dev:type>
            <maml:name>String</maml:name>
            <maml:uri />
          </dev:type>
          <dev:defaultValue>None</dev:defaultValue>
        </command:parameter>
      </command:syntaxItem>
    </command:syntax>
    <command:parameters>
      <command:parameter required="false" variableLength="true" globbing="false" pipelineInput="False" position="3" aliases="none">
        <maml:name>AccountSwitchKey</maml:name>
        <maml:description>
          <maml:para>An account credential key that lets you move between accounts when using an API client enabled for multiple accounts. To find account switch keys, use Get-AccountSwitchKey (https://techdocs.akamai.com/powershell/docs/get-accountswitchkey).</maml:para>
        </maml:description>
        <command:parameterValue required="true" variableLength="false">String</command:parameterValue>
        <dev:type>
          <maml:name>String</maml:name>
          <maml:uri />
        </dev:type>
        <dev:defaultValue>None</dev:defaultValue>
      </command:parameter>
      <command:parameter required="false" variableLength="true" globbing="false" pipelineInput="False" position="1" aliases="none">
        <maml:name>EdgeRCFile</maml:name>
        <maml:description>
          <maml:para>Your EdgeGrid resource file to authenticate your command. Defaults to `~/.edgerc`.</maml:para>
        </maml:description>
        <command:parameterValue required="true" variableLength="false">String</command:parameterValue>
        <dev:type>
          <maml:name>String</maml:name>
          <maml:uri />
        </dev:type>
        <dev:defaultValue>None</dev:defaultValue>
      </command:parameter>
      <command:parameter required="true" variableLength="true" globbing="false" pipelineInput="False" position="0" aliases="none">
        <maml:name>RequestID</maml:name>
        <maml:description>
          <maml:para>Your status request's ID.</maml:para>
        </maml:description>
        <command:parameterValue required="true" variableLength="false">Int32</command:parameterValue>
        <dev:type>
          <maml:name>Int32</maml:name>
          <maml:uri />
        </dev:type>
        <dev:defaultValue>None</dev:defaultValue>
      </command:parameter>
      <command:parameter required="false" variableLength="true" globbing="false" pipelineInput="False" position="2" aliases="none">
        <maml:name>Section</maml:name>
        <maml:description>
          <maml:para>The section name in your EdgeGrid resource file to retrieve authentication credentials from. Defaults to `default`.</maml:para>
        </maml:description>
        <command:parameterValue required="true" variableLength="false">String</command:parameterValue>
        <dev:type>
          <maml:name>String</maml:name>
          <maml:uri />
        </dev:type>
        <dev:defaultValue>None</dev:defaultValue>
      </command:parameter>
    </command:parameters>
    <command:inputTypes>
      <command:inputType>
        <dev:type>
          <maml:name>None</maml:name>
        </dev:type>
        <maml:description>
          <maml:para></maml:para>
        </maml:description>
      </command:inputType>
    </command:inputTypes>
    <command:returnValues>
      <command:returnValue>
        <dev:type>
          <maml:name>System.Object</maml:name>
        </dev:type>
        <maml:description>
          <maml:para></maml:para>
        </maml:description>
      </command:returnValue>
    </command:returnValues>
    <maml:alertSet>
      <maml:alert>
        <maml:para></maml:para>
      </maml:alert>
    </maml:alertSet>
    <command:examples />
    <command:relatedLinks>
      <maml:navigationLink>
        <maml:linkText>User Guide: Overview</maml:linkText>
        <maml:uri>https://techdocs.akamai.com/powershell/docs/overview</maml:uri>
      </maml:navigationLink>
      <maml:navigationLink>
        <maml:linkText>Function Reference</maml:linkText>
        <maml:uri>https://techdocs.akamai.com/powershell/docs/get-cloudaccesskeyversioncreaterequest</maml:uri>
      </maml:navigationLink>
      <maml:navigationLink>
        <maml:linkText>API Reference</maml:linkText>
        <maml:uri>https://techdocs.akamai.com/cloud-access-mgr/reference/get-access-key-version-create-request</maml:uri>
      </maml:navigationLink>
    </command:relatedLinks>
  </command:command>
  <command:command xmlns:maml="http://schemas.microsoft.com/maml/2004/10" xmlns:command="http://schemas.microsoft.com/maml/dev/command/2004/10" xmlns:dev="http://schemas.microsoft.com/maml/dev/2004/10" xmlns:MSHelp="http://msdn.microsoft.com/mshelp">
    <command:details>
      <command:name>Get-CloudAccessKeyVersionProperties</command:name>
      <command:verb>Get</command:verb>
      <command:noun>CloudAccessKeyVersionProperties</command:noun>
      <maml:description>
        <maml:para>Look up properties.</maml:para>
      </maml:description>
    </command:details>
    <maml:description>
      <maml:para>Gets information about all of the Property Manager properties that use a specific version of an access key.</maml:para>
    </maml:description>
    <command:syntax>
      <command:syntaxItem>
        <maml:name>Get-CloudAccessKeyVersionProperties</maml:name>
        <command:parameter required="true" variableLength="true" globbing="false" pipelineInput="False" position="0" aliases="none">
          <maml:name>AccessKeyUID</maml:name>
          <maml:description>
            <maml:para>Your access key's ID.</maml:para>
          </maml:description>
          <command:parameterValue required="true" variableLength="false">Int32</command:parameterValue>
          <dev:type>
            <maml:name>Int32</maml:name>
            <maml:uri />
          </dev:type>
          <dev:defaultValue>None</dev:defaultValue>
        </command:parameter>
        <command:parameter required="true" variableLength="true" globbing="false" pipelineInput="False" position="1" aliases="none">
          <maml:name>Version</maml:name>
          <maml:description>
            <maml:para>Your access key's version.</maml:para>
          </maml:description>
          <command:parameterValue required="true" variableLength="false">Int32</command:parameterValue>
          <dev:type>
            <maml:name>Int32</maml:name>
            <maml:uri />
          </dev:type>
          <dev:defaultValue>None</dev:defaultValue>
        </command:parameter>
        <command:parameter required="false" variableLength="true" globbing="false" pipelineInput="False" position="2" aliases="none">
          <maml:name>EdgeRCFile</maml:name>
          <maml:description>
            <maml:para>Your EdgeGrid resource file to authenticate your command. Defaults to `~/.edgerc`.</maml:para>
          </maml:description>
          <command:parameterValue required="true" variableLength="false">String</command:parameterValue>
          <dev:type>
            <maml:name>String</maml:name>
            <maml:uri />
          </dev:type>
          <dev:defaultValue>None</dev:defaultValue>
        </command:parameter>
        <command:parameter required="false" variableLength="true" globbing="false" pipelineInput="False" position="3" aliases="none">
          <maml:name>Section</maml:name>
          <maml:description>
            <maml:para>The section name in your EdgeGrid resource file to retrieve authentication credentials from. Defaults to `default`.</maml:para>
          </maml:description>
          <command:parameterValue required="true" variableLength="false">String</command:parameterValue>
          <dev:type>
            <maml:name>String</maml:name>
            <maml:uri />
          </dev:type>
          <dev:defaultValue>None</dev:defaultValue>
        </command:parameter>
        <command:parameter required="false" variableLength="true" globbing="false" pipelineInput="False" position="4" aliases="none">
          <maml:name>AccountSwitchKey</maml:name>
          <maml:description>
            <maml:para>An account credential key that lets you move between accounts when using an API client enabled for multiple accounts. To find account switch keys, use Get-AccountSwitchKey (https://techdocs.akamai.com/powershell/docs/get-accountswitchkey).</maml:para>
          </maml:description>
          <command:parameterValue required="true" variableLength="false">String</command:parameterValue>
          <dev:type>
            <maml:name>String</maml:name>
            <maml:uri />
          </dev:type>
          <dev:defaultValue>None</dev:defaultValue>
        </command:parameter>
      </command:syntaxItem>
    </command:syntax>
    <command:parameters>
      <command:parameter required="true" variableLength="true" globbing="false" pipelineInput="False" position="0" aliases="none">
        <maml:name>AccessKeyUID</maml:name>
        <maml:description>
          <maml:para>Your access key's ID.</maml:para>
        </maml:description>
        <command:parameterValue required="true" variableLength="false">Int32</command:parameterValue>
        <dev:type>
          <maml:name>Int32</maml:name>
          <maml:uri />
        </dev:type>
        <dev:defaultValue>None</dev:defaultValue>
      </command:parameter>
      <command:parameter required="false" variableLength="true" globbing="false" pipelineInput="False" position="4" aliases="none">
        <maml:name>AccountSwitchKey</maml:name>
        <maml:description>
          <maml:para>An account credential key that lets you move between accounts when using an API client enabled for multiple accounts. To find account switch keys, use Get-AccountSwitchKey (https://techdocs.akamai.com/powershell/docs/get-accountswitchkey).</maml:para>
        </maml:description>
        <command:parameterValue required="true" variableLength="false">String</command:parameterValue>
        <dev:type>
          <maml:name>String</maml:name>
          <maml:uri />
        </dev:type>
        <dev:defaultValue>None</dev:defaultValue>
      </command:parameter>
      <command:parameter required="false" variableLength="true" globbing="false" pipelineInput="False" position="2" aliases="none">
        <maml:name>EdgeRCFile</maml:name>
        <maml:description>
          <maml:para>Your EdgeGrid resource file to authenticate your command. Defaults to `~/.edgerc`.</maml:para>
        </maml:description>
        <command:parameterValue required="true" variableLength="false">String</command:parameterValue>
        <dev:type>
          <maml:name>String</maml:name>
          <maml:uri />
        </dev:type>
        <dev:defaultValue>None</dev:defaultValue>
      </command:parameter>
      <command:parameter required="false" variableLength="true" globbing="false" pipelineInput="False" position="3" aliases="none">
        <maml:name>Section</maml:name>
        <maml:description>
          <maml:para>The section name in your EdgeGrid resource file to retrieve authentication credentials from. Defaults to `default`.</maml:para>
        </maml:description>
        <command:parameterValue required="true" variableLength="false">String</command:parameterValue>
        <dev:type>
          <maml:name>String</maml:name>
          <maml:uri />
        </dev:type>
        <dev:defaultValue>None</dev:defaultValue>
      </command:parameter>
      <command:parameter required="true" variableLength="true" globbing="false" pipelineInput="False" position="1" aliases="none">
        <maml:name>Version</maml:name>
        <maml:description>
          <maml:para>Your access key's version.</maml:para>
        </maml:description>
        <command:parameterValue required="true" variableLength="false">Int32</command:parameterValue>
        <dev:type>
          <maml:name>Int32</maml:name>
          <maml:uri />
        </dev:type>
        <dev:defaultValue>None</dev:defaultValue>
      </command:parameter>
    </command:parameters>
    <command:inputTypes>
      <command:inputType>
        <dev:type>
          <maml:name>None</maml:name>
        </dev:type>
        <maml:description>
          <maml:para></maml:para>
        </maml:description>
      </command:inputType>
    </command:inputTypes>
    <command:returnValues>
      <command:returnValue>
        <dev:type>
          <maml:name>System.Object</maml:name>
        </dev:type>
        <maml:description>
          <maml:para></maml:para>
        </maml:description>
      </command:returnValue>
    </command:returnValues>
    <maml:alertSet>
      <maml:alert>
        <maml:para></maml:para>
      </maml:alert>
    </maml:alertSet>
    <command:examples />
    <command:relatedLinks>
      <maml:navigationLink>
        <maml:linkText>User Guide: Overview</maml:linkText>
        <maml:uri>https://techdocs.akamai.com/powershell/docs/overview</maml:uri>
      </maml:navigationLink>
      <maml:navigationLink>
        <maml:linkText>Function Reference</maml:linkText>
        <maml:uri>https://techdocs.akamai.com/powershell/docs/get-cloudaccesskeyversionproperties</maml:uri>
      </maml:navigationLink>
      <maml:navigationLink>
        <maml:linkText>API Reference</maml:linkText>
        <maml:uri>https://techdocs.akamai.com/cloud-access-mgr/reference/get-access-key-version-properties</maml:uri>
      </maml:navigationLink>
    </command:relatedLinks>
  </command:command>
  <command:command xmlns:maml="http://schemas.microsoft.com/maml/2004/10" xmlns:command="http://schemas.microsoft.com/maml/dev/command/2004/10" xmlns:dev="http://schemas.microsoft.com/maml/dev/2004/10" xmlns:MSHelp="http://msdn.microsoft.com/mshelp">
    <command:details>
      <command:name>Get-CloudAccessKeyVersionStatus</command:name>
      <command:verb>Get</command:verb>
      <command:noun>CloudAccessKeyVersionStatus</command:noun>
      <maml:description>
        <maml:para>Get the status of an access key version.</maml:para>
      </maml:description>
    </command:details>
    <maml:description>
      <maml:para>Gets the current status and other details for a request to create a new access key version.</maml:para>
    </maml:description>
    <command:syntax>
      <command:syntaxItem>
        <maml:name>Get-CloudAccessKeyVersionStatus</maml:name>
        <command:parameter required="true" variableLength="true" globbing="false" pipelineInput="False" position="0" aliases="none">
          <maml:name>RequestID</maml:name>
          <maml:description>
            <maml:para>Your status request's ID.</maml:para>
          </maml:description>
          <command:parameterValue required="true" variableLength="false">String</command:parameterValue>
          <dev:type>
            <maml:name>String</maml:name>
            <maml:uri />
          </dev:type>
          <dev:defaultValue>None</dev:defaultValue>
        </command:parameter>
        <command:parameter required="false" variableLength="true" globbing="false" pipelineInput="False" position="1" aliases="none">
          <maml:name>EdgeRCFile</maml:name>
          <maml:description>
            <maml:para>Your EdgeGrid resource file to authenticate your command. Defaults to `~/.edgerc`.</maml:para>
          </maml:description>
          <command:parameterValue required="true" variableLength="false">String</command:parameterValue>
          <dev:type>
            <maml:name>String</maml:name>
            <maml:uri />
          </dev:type>
          <dev:defaultValue>None</dev:defaultValue>
        </command:parameter>
        <command:parameter required="false" variableLength="true" globbing="false" pipelineInput="False" position="2" aliases="none">
          <maml:name>Section</maml:name>
          <maml:description>
            <maml:para>The section name in your EdgeGrid resource file to retrieve authentication credentials from. Defaults to `default`.</maml:para>
          </maml:description>
          <command:parameterValue required="true" variableLength="false">String</command:parameterValue>
          <dev:type>
            <maml:name>String</maml:name>
            <maml:uri />
          </dev:type>
          <dev:defaultValue>None</dev:defaultValue>
        </command:parameter>
        <command:parameter required="false" variableLength="true" globbing="false" pipelineInput="False" position="3" aliases="none">
          <maml:name>AccountSwitchKey</maml:name>
          <maml:description>
            <maml:para>An account credential key that lets you move between accounts when using an API client enabled for multiple accounts. To find account switch keys, use Get-AccountSwitchKey (https://techdocs.akamai.com/powershell/docs/get-accountswitchkey).</maml:para>
          </maml:description>
          <command:parameterValue required="true" variableLength="false">String</command:parameterValue>
          <dev:type>
            <maml:name>String</maml:name>
            <maml:uri />
          </dev:type>
          <dev:defaultValue>None</dev:defaultValue>
        </command:parameter>
      </command:syntaxItem>
    </command:syntax>
    <command:parameters>
      <command:parameter required="false" variableLength="true" globbing="false" pipelineInput="False" position="3" aliases="none">
        <maml:name>AccountSwitchKey</maml:name>
        <maml:description>
          <maml:para>An account credential key that lets you move between accounts when using an API client enabled for multiple accounts. To find account switch keys, use Get-AccountSwitchKey (https://techdocs.akamai.com/powershell/docs/get-accountswitchkey).</maml:para>
        </maml:description>
        <command:parameterValue required="true" variableLength="false">String</command:parameterValue>
        <dev:type>
          <maml:name>String</maml:name>
          <maml:uri />
        </dev:type>
        <dev:defaultValue>None</dev:defaultValue>
      </command:parameter>
      <command:parameter required="false" variableLength="true" globbing="false" pipelineInput="False" position="1" aliases="none">
        <maml:name>EdgeRCFile</maml:name>
        <maml:description>
          <maml:para>Your EdgeGrid resource file to authenticate your command. Defaults to `~/.edgerc`.</maml:para>
        </maml:description>
        <command:parameterValue required="true" variableLength="false">String</command:parameterValue>
        <dev:type>
          <maml:name>String</maml:name>
          <maml:uri />
        </dev:type>
        <dev:defaultValue>None</dev:defaultValue>
      </command:parameter>
      <command:parameter required="true" variableLength="true" globbing="false" pipelineInput="False" position="0" aliases="none">
        <maml:name>RequestID</maml:name>
        <maml:description>
          <maml:para>Your status request's ID.</maml:para>
        </maml:description>
        <command:parameterValue required="true" variableLength="false">String</command:parameterValue>
        <dev:type>
          <maml:name>String</maml:name>
          <maml:uri />
        </dev:type>
        <dev:defaultValue>None</dev:defaultValue>
      </command:parameter>
      <command:parameter required="false" variableLength="true" globbing="false" pipelineInput="False" position="2" aliases="none">
        <maml:name>Section</maml:name>
        <maml:description>
          <maml:para>The section name in your EdgeGrid resource file to retrieve authentication credentials from. Defaults to `default`.</maml:para>
        </maml:description>
        <command:parameterValue required="true" variableLength="false">String</command:parameterValue>
        <dev:type>
          <maml:name>String</maml:name>
          <maml:uri />
        </dev:type>
        <dev:defaultValue>None</dev:defaultValue>
      </command:parameter>
    </command:parameters>
    <command:inputTypes>
      <command:inputType>
        <dev:type>
          <maml:name>None</maml:name>
        </dev:type>
        <maml:description>
          <maml:para></maml:para>
        </maml:description>
      </command:inputType>
    </command:inputTypes>
    <command:returnValues>
      <command:returnValue>
        <dev:type>
          <maml:name>System.Object</maml:name>
        </dev:type>
        <maml:description>
          <maml:para></maml:para>
        </maml:description>
      </command:returnValue>
    </command:returnValues>
    <maml:alertSet>
      <maml:alert>
        <maml:para></maml:para>
      </maml:alert>
    </maml:alertSet>
    <command:examples />
    <command:relatedLinks>
      <maml:navigationLink>
        <maml:linkText>User Guide: Overview</maml:linkText>
        <maml:uri>https://techdocs.akamai.com/powershell/docs/overview</maml:uri>
      </maml:navigationLink>
      <maml:navigationLink>
        <maml:linkText>Function Reference</maml:linkText>
        <maml:uri>https://techdocs.akamai.com/powershell/docs/get-cloudaccesskeyversionstatus</maml:uri>
      </maml:navigationLink>
      <maml:navigationLink>
        <maml:linkText>API Reference</maml:linkText>
        <maml:uri>https://techdocs.akamai.com/cloud-access-mgr/reference/get-access-key-version-create-request</maml:uri>
      </maml:navigationLink>
    </command:relatedLinks>
  </command:command>
  <command:command xmlns:maml="http://schemas.microsoft.com/maml/2004/10" xmlns:command="http://schemas.microsoft.com/maml/dev/command/2004/10" xmlns:dev="http://schemas.microsoft.com/maml/dev/2004/10" xmlns:MSHelp="http://msdn.microsoft.com/mshelp">
    <command:details>
      <command:name>Get-CloudAccessLookup</command:name>
      <command:verb>Get</command:verb>
      <command:noun>CloudAccessLookup</command:noun>
      <maml:description>
        <maml:para>Perform a property lookup request asynchronously.</maml:para>
      </maml:description>
    </command:details>
    <maml:description>
      <maml:para>Provides functionality similar to the `Get-CloudAccessKeyVersionProperties` operation, but accesses the data asynchronously after running the `New-CloudAccessLookup` operation to obtain the `lookupId`.</maml:para>
    </maml:description>
    <command:syntax>
      <command:syntaxItem>
        <maml:name>Get-CloudAccessLookup</maml:name>
        <command:parameter required="true" variableLength="true" globbing="false" pipelineInput="False" position="0" aliases="none">
          <maml:name>LookupID</maml:name>
          <maml:description>
            <maml:para>Your property lookup's ID.</maml:para>
          </maml:description>
          <command:parameterValue required="true" variableLength="false">Int32</command:parameterValue>
          <dev:type>
            <maml:name>Int32</maml:name>
            <maml:uri />
          </dev:type>
          <dev:defaultValue>None</dev:defaultValue>
        </command:parameter>
        <command:parameter required="false" variableLength="true" globbing="false" pipelineInput="False" position="1" aliases="none">
          <maml:name>EdgeRCFile</maml:name>
          <maml:description>
            <maml:para>Your EdgeGrid resource file to authenticate your command. Defaults to `~/.edgerc`.</maml:para>
          </maml:description>
          <command:parameterValue required="true" variableLength="false">String</command:parameterValue>
          <dev:type>
            <maml:name>String</maml:name>
            <maml:uri />
          </dev:type>
          <dev:defaultValue>None</dev:defaultValue>
        </command:parameter>
        <command:parameter required="false" variableLength="true" globbing="false" pipelineInput="False" position="2" aliases="none">
          <maml:name>Section</maml:name>
          <maml:description>
            <maml:para>The section name in your EdgeGrid resource file to retrieve authentication credentials from. Defaults to `default`.</maml:para>
          </maml:description>
          <command:parameterValue required="true" variableLength="false">String</command:parameterValue>
          <dev:type>
            <maml:name>String</maml:name>
            <maml:uri />
          </dev:type>
          <dev:defaultValue>None</dev:defaultValue>
        </command:parameter>
        <command:parameter required="false" variableLength="true" globbing="false" pipelineInput="False" position="3" aliases="none">
          <maml:name>AccountSwitchKey</maml:name>
          <maml:description>
            <maml:para>An account credential key that lets you move between accounts when using an API client enabled for multiple accounts. To find account switch keys, use Get-AccountSwitchKey (https://techdocs.akamai.com/powershell/docs/get-accountswitchkey).</maml:para>
          </maml:description>
          <command:parameterValue required="true" variableLength="false">String</command:parameterValue>
          <dev:type>
            <maml:name>String</maml:name>
            <maml:uri />
          </dev:type>
          <dev:defaultValue>None</dev:defaultValue>
        </command:parameter>
      </command:syntaxItem>
    </command:syntax>
    <command:parameters>
      <command:parameter required="false" variableLength="true" globbing="false" pipelineInput="False" position="3" aliases="none">
        <maml:name>AccountSwitchKey</maml:name>
        <maml:description>
          <maml:para>An account credential key that lets you move between accounts when using an API client enabled for multiple accounts. To find account switch keys, use Get-AccountSwitchKey (https://techdocs.akamai.com/powershell/docs/get-accountswitchkey).</maml:para>
        </maml:description>
        <command:parameterValue required="true" variableLength="false">String</command:parameterValue>
        <dev:type>
          <maml:name>String</maml:name>
          <maml:uri />
        </dev:type>
        <dev:defaultValue>None</dev:defaultValue>
      </command:parameter>
      <command:parameter required="false" variableLength="true" globbing="false" pipelineInput="False" position="1" aliases="none">
        <maml:name>EdgeRCFile</maml:name>
        <maml:description>
          <maml:para>Your EdgeGrid resource file to authenticate your command. Defaults to `~/.edgerc`.</maml:para>
        </maml:description>
        <command:parameterValue required="true" variableLength="false">String</command:parameterValue>
        <dev:type>
          <maml:name>String</maml:name>
          <maml:uri />
        </dev:type>
        <dev:defaultValue>None</dev:defaultValue>
      </command:parameter>
      <command:parameter required="true" variableLength="true" globbing="false" pipelineInput="False" position="0" aliases="none">
        <maml:name>LookupID</maml:name>
        <maml:description>
          <maml:para>Your property lookup's ID.</maml:para>
        </maml:description>
        <command:parameterValue required="true" variableLength="false">Int32</command:parameterValue>
        <dev:type>
          <maml:name>Int32</maml:name>
          <maml:uri />
        </dev:type>
        <dev:defaultValue>None</dev:defaultValue>
      </command:parameter>
      <command:parameter required="false" variableLength="true" globbing="false" pipelineInput="False" position="2" aliases="none">
        <maml:name>Section</maml:name>
        <maml:description>
          <maml:para>The section name in your EdgeGrid resource file to retrieve authentication credentials from. Defaults to `default`.</maml:para>
        </maml:description>
        <command:parameterValue required="true" variableLength="false">String</command:parameterValue>
        <dev:type>
          <maml:name>String</maml:name>
          <maml:uri />
        </dev:type>
        <dev:defaultValue>None</dev:defaultValue>
      </command:parameter>
    </command:parameters>
    <command:inputTypes>
      <command:inputType>
        <dev:type>
          <maml:name>None</maml:name>
        </dev:type>
        <maml:description>
          <maml:para></maml:para>
        </maml:description>
      </command:inputType>
    </command:inputTypes>
    <command:returnValues>
      <command:returnValue>
        <dev:type>
          <maml:name>System.Object</maml:name>
        </dev:type>
        <maml:description>
          <maml:para></maml:para>
        </maml:description>
      </command:returnValue>
    </command:returnValues>
    <maml:alertSet>
      <maml:alert>
        <maml:para></maml:para>
      </maml:alert>
    </maml:alertSet>
    <command:examples />
    <command:relatedLinks>
      <maml:navigationLink>
        <maml:linkText>User Guide: Overview</maml:linkText>
        <maml:uri>https://techdocs.akamai.com/powershell/docs/overview</maml:uri>
      </maml:navigationLink>
      <maml:navigationLink>
        <maml:linkText>Function Reference</maml:linkText>
        <maml:uri>https://techdocs.akamai.com/powershell/docs/get-cloudaccesslookup</maml:uri>
      </maml:navigationLink>
      <maml:navigationLink>
        <maml:linkText>API Reference</maml:linkText>
        <maml:uri>https://techdocs.akamai.com/cloud-access-mgr/reference/get-property-lookup</maml:uri>
      </maml:navigationLink>
    </command:relatedLinks>
  </command:command>
  <command:command xmlns:maml="http://schemas.microsoft.com/maml/2004/10" xmlns:command="http://schemas.microsoft.com/maml/dev/command/2004/10" xmlns:dev="http://schemas.microsoft.com/maml/dev/2004/10" xmlns:MSHelp="http://msdn.microsoft.com/mshelp">
    <command:details>
      <command:name>New-CloudAccessKey</command:name>
      <command:verb>New</command:verb>
      <command:noun>CloudAccessKey</command:noun>
      <maml:description>
        <maml:para>Create an access key.</maml:para>
      </maml:description>
    </command:details>
    <maml:description>
      <maml:para>Creates a new access key. An access key's name needs to be unique within a user account. Once you create an access key, it's available on both the staging and production Akamai networks.</maml:para>
    </maml:description>
    <command:syntax>
      <command:syntaxItem>
        <maml:name>New-CloudAccessKey</maml:name>
        <command:parameter required="true" variableLength="true" globbing="false" pipelineInput="True (ByValue)" position="0" aliases="none">
          <maml:name>Body</maml:name>
          <maml:description>
            <maml:para>A request body, either as a `PSCustomObject` or a string. This parameter supports pipelining.</maml:para>
          </maml:description>
          <command:parameterValue required="true" variableLength="false">Object</command:parameterValue>
          <dev:type>
            <maml:name>Object</maml:name>
            <maml:uri />
          </dev:type>
          <dev:defaultValue>None</dev:defaultValue>
        </command:parameter>
        <command:parameter required="false" variableLength="true" globbing="false" pipelineInput="False" position="1" aliases="none">
          <maml:name>EdgeRCFile</maml:name>
          <maml:description>
            <maml:para>Your EdgeGrid resource file to authenticate your command. Defaults to `~/.edgerc`.</maml:para>
          </maml:description>
          <command:parameterValue required="true" variableLength="false">String</command:parameterValue>
          <dev:type>
            <maml:name>String</maml:name>
            <maml:uri />
          </dev:type>
          <dev:defaultValue>None</dev:defaultValue>
        </command:parameter>
        <command:parameter required="false" variableLength="true" globbing="false" pipelineInput="False" position="2" aliases="none">
          <maml:name>Section</maml:name>
          <maml:description>
            <maml:para>The section name in your EdgeGrid resource file to retrieve authentication credentials from. Defaults to `default`.</maml:para>
          </maml:description>
          <command:parameterValue required="true" variableLength="false">String</command:parameterValue>
          <dev:type>
            <maml:name>String</maml:name>
            <maml:uri />
          </dev:type>
          <dev:defaultValue>None</dev:defaultValue>
        </command:parameter>
        <command:parameter required="false" variableLength="true" globbing="false" pipelineInput="False" position="3" aliases="none">
          <maml:name>AccountSwitchKey</maml:name>
          <maml:description>
            <maml:para>An account credential key that lets you move between accounts when using an API client enabled for multiple accounts. To find account switch keys, use Get-AccountSwitchKey (https://techdocs.akamai.com/powershell/docs/get-accountswitchkey).</maml:para>
          </maml:description>
          <command:parameterValue required="true" variableLength="false">String</command:parameterValue>
          <dev:type>
            <maml:name>String</maml:name>
            <maml:uri />
          </dev:type>
          <dev:defaultValue>None</dev:defaultValue>
        </command:parameter>
      </command:syntaxItem>
    </command:syntax>
    <command:parameters>
      <command:parameter required="false" variableLength="true" globbing="false" pipelineInput="False" position="3" aliases="none">
        <maml:name>AccountSwitchKey</maml:name>
        <maml:description>
          <maml:para>An account credential key that lets you move between accounts when using an API client enabled for multiple accounts. To find account switch keys, use Get-AccountSwitchKey (https://techdocs.akamai.com/powershell/docs/get-accountswitchkey).</maml:para>
        </maml:description>
        <command:parameterValue required="true" variableLength="false">String</command:parameterValue>
        <dev:type>
          <maml:name>String</maml:name>
          <maml:uri />
        </dev:type>
        <dev:defaultValue>None</dev:defaultValue>
      </command:parameter>
      <command:parameter required="true" variableLength="true" globbing="false" pipelineInput="True (ByValue)" position="0" aliases="none">
        <maml:name>Body</maml:name>
        <maml:description>
          <maml:para>A request body, either as a `PSCustomObject` or a string. This parameter supports pipelining.</maml:para>
        </maml:description>
        <command:parameterValue required="true" variableLength="false">Object</command:parameterValue>
        <dev:type>
          <maml:name>Object</maml:name>
          <maml:uri />
        </dev:type>
        <dev:defaultValue>None</dev:defaultValue>
      </command:parameter>
      <command:parameter required="false" variableLength="true" globbing="false" pipelineInput="False" position="1" aliases="none">
        <maml:name>EdgeRCFile</maml:name>
        <maml:description>
          <maml:para>Your EdgeGrid resource file to authenticate your command. Defaults to `~/.edgerc`.</maml:para>
        </maml:description>
        <command:parameterValue required="true" variableLength="false">String</command:parameterValue>
        <dev:type>
          <maml:name>String</maml:name>
          <maml:uri />
        </dev:type>
        <dev:defaultValue>None</dev:defaultValue>
      </command:parameter>
      <command:parameter required="false" variableLength="true" globbing="false" pipelineInput="False" position="2" aliases="none">
        <maml:name>Section</maml:name>
        <maml:description>
          <maml:para>The section name in your EdgeGrid resource file to retrieve authentication credentials from. Defaults to `default`.</maml:para>
        </maml:description>
        <command:parameterValue required="true" variableLength="false">String</command:parameterValue>
        <dev:type>
          <maml:name>String</maml:name>
          <maml:uri />
        </dev:type>
        <dev:defaultValue>None</dev:defaultValue>
      </command:parameter>
    </command:parameters>
    <command:inputTypes>
      <command:inputType>
        <dev:type>
          <maml:name>System.Object</maml:name>
        </dev:type>
        <maml:description>
          <maml:para></maml:para>
        </maml:description>
      </command:inputType>
    </command:inputTypes>
    <command:returnValues>
      <command:returnValue>
        <dev:type>
          <maml:name>System.Object</maml:name>
        </dev:type>
        <maml:description>
          <maml:para></maml:para>
        </maml:description>
      </command:returnValue>
    </command:returnValues>
    <maml:alertSet>
      <maml:alert>
        <maml:para></maml:para>
      </maml:alert>
    </maml:alertSet>
    <command:examples />
    <command:relatedLinks>
      <maml:navigationLink>
        <maml:linkText>User Guide: Overview</maml:linkText>
        <maml:uri>https://techdocs.akamai.com/powershell/docs/overview</maml:uri>
      </maml:navigationLink>
      <maml:navigationLink>
        <maml:linkText>Function Reference</maml:linkText>
        <maml:uri>https://techdocs.akamai.com/powershell/docs/new-cloudaccesskey</maml:uri>
      </maml:navigationLink>
      <maml:navigationLink>
        <maml:linkText>API Reference</maml:linkText>
        <maml:uri>https://techdocs.akamai.com/cloud-access-mgr/reference/post-access-key</maml:uri>
      </maml:navigationLink>
    </command:relatedLinks>
  </command:command>
  <command:command xmlns:maml="http://schemas.microsoft.com/maml/2004/10" xmlns:command="http://schemas.microsoft.com/maml/dev/command/2004/10" xmlns:dev="http://schemas.microsoft.com/maml/dev/2004/10" xmlns:MSHelp="http://msdn.microsoft.com/mshelp">
    <command:details>
      <command:name>New-CloudAccessKeyVersion</command:name>
      <command:verb>New</command:verb>
      <command:noun>CloudAccessKeyVersion</command:noun>
      <maml:description>
        <maml:para>Create an access key version.</maml:para>
      </maml:description>
    </command:details>
    <maml:description>
      <maml:para>Rotates an access key to a new version. </maml:para>
      <maml:para>&gt; Note: You need to do this only if your cloud provider credentials have changed, for example, because they've expired or been compromised. Only two versions of an access key can exist and be active at the same time. If you have two access key versions, you have to run the `Remove-CloudAccessKeyVersion` operation before you can create another version.</maml:para>
    </maml:description>
    <command:syntax>
      <command:syntaxItem>
        <maml:name>New-CloudAccessKeyVersion</maml:name>
        <command:parameter required="true" variableLength="true" globbing="false" pipelineInput="False" position="0" aliases="none">
          <maml:name>AccessKeyUID</maml:name>
          <maml:description>
            <maml:para>Your access key's ID.</maml:para>
          </maml:description>
          <command:parameterValue required="true" variableLength="false">Int32</command:parameterValue>
          <dev:type>
            <maml:name>Int32</maml:name>
            <maml:uri />
          </dev:type>
          <dev:defaultValue>None</dev:defaultValue>
        </command:parameter>
        <command:parameter required="true" variableLength="true" globbing="false" pipelineInput="False" position="1" aliases="none">
          <maml:name>CloudAccessKeyID</maml:name>
          <maml:description>
            <maml:para>The ID that's combined with the `-CloudSecretAccessKey` to sign API requests. This is the access key ID (AWS) or access ID (GCS) you get from your cloud provider.</maml:para>
          </maml:description>
          <command:parameterValue required="true" variableLength="false">String</command:parameterValue>
          <dev:type>
            <maml:name>String</maml:name>
            <maml:uri />
          </dev:type>
          <dev:defaultValue>None</dev:defaultValue>
        </command:parameter>
        <command:parameter required="true" variableLength="true" globbing="false" pipelineInput="False" position="2" aliases="none">
          <maml:name>CloudSecretAccessKey</maml:name>
          <maml:description>
            <maml:para>A value that's combined with the `-CloudAccessKeyID` to sign API requests. This is the secret access key (AWS) or secret (GCS) you get from your cloud provider.</maml:para>
          </maml:description>
          <command:parameterValue required="true" variableLength="false">String</command:parameterValue>
          <dev:type>
            <maml:name>String</maml:name>
            <maml:uri />
          </dev:type>
          <dev:defaultValue>None</dev:defaultValue>
        </command:parameter>
        <command:parameter required="false" variableLength="true" globbing="false" pipelineInput="False" position="3" aliases="none">
          <maml:name>EdgeRCFile</maml:name>
          <maml:description>
            <maml:para>Your EdgeGrid resource file to authenticate your command. Defaults to `~/.edgerc`.</maml:para>
          </maml:description>
          <command:parameterValue required="true" variableLength="false">String</command:parameterValue>
          <dev:type>
            <maml:name>String</maml:name>
            <maml:uri />
          </dev:type>
          <dev:defaultValue>None</dev:defaultValue>
        </command:parameter>
        <command:parameter required="false" variableLength="true" globbing="false" pipelineInput="False" position="4" aliases="none">
          <maml:name>Section</maml:name>
          <maml:description>
            <maml:para>The section name in your EdgeGrid resource file to retrieve authentication credentials from. Defaults to `default`.</maml:para>
          </maml:description>
          <command:parameterValue required="true" variableLength="false">String</command:parameterValue>
          <dev:type>
            <maml:name>String</maml:name>
            <maml:uri />
          </dev:type>
          <dev:defaultValue>None</dev:defaultValue>
        </command:parameter>
        <command:parameter required="false" variableLength="true" globbing="false" pipelineInput="False" position="5" aliases="none">
          <maml:name>AccountSwitchKey</maml:name>
          <maml:description>
            <maml:para>An account credential key that lets you move between accounts when using an API client enabled for multiple accounts. To find account switch keys, use Get-AccountSwitchKey (https://techdocs.akamai.com/powershell/docs/get-accountswitchkey).</maml:para>
          </maml:description>
          <command:parameterValue required="true" variableLength="false">String</command:parameterValue>
          <dev:type>
            <maml:name>String</maml:name>
            <maml:uri />
          </dev:type>
          <dev:defaultValue>None</dev:defaultValue>
        </command:parameter>
      </command:syntaxItem>
    </command:syntax>
    <command:parameters>
      <command:parameter required="true" variableLength="true" globbing="false" pipelineInput="False" position="0" aliases="none">
        <maml:name>AccessKeyUID</maml:name>
        <maml:description>
          <maml:para>Your access key's ID.</maml:para>
        </maml:description>
        <command:parameterValue required="true" variableLength="false">Int32</command:parameterValue>
        <dev:type>
          <maml:name>Int32</maml:name>
          <maml:uri />
        </dev:type>
        <dev:defaultValue>None</dev:defaultValue>
      </command:parameter>
      <command:parameter required="false" variableLength="true" globbing="false" pipelineInput="False" position="5" aliases="none">
        <maml:name>AccountSwitchKey</maml:name>
        <maml:description>
          <maml:para>An account credential key that lets you move between accounts when using an API client enabled for multiple accounts. To find account switch keys, use Get-AccountSwitchKey (https://techdocs.akamai.com/powershell/docs/get-accountswitchkey).</maml:para>
        </maml:description>
        <command:parameterValue required="true" variableLength="false">String</command:parameterValue>
        <dev:type>
          <maml:name>String</maml:name>
          <maml:uri />
        </dev:type>
        <dev:defaultValue>None</dev:defaultValue>
      </command:parameter>
      <command:parameter required="true" variableLength="true" globbing="false" pipelineInput="False" position="1" aliases="none">
        <maml:name>CloudAccessKeyID</maml:name>
        <maml:description>
          <maml:para>The ID that's combined with the `-CloudSecretAccessKey` to sign API requests. This is the access key ID (AWS) or access ID (GCS) you get from your cloud provider.</maml:para>
        </maml:description>
        <command:parameterValue required="true" variableLength="false">String</command:parameterValue>
        <dev:type>
          <maml:name>String</maml:name>
          <maml:uri />
        </dev:type>
        <dev:defaultValue>None</dev:defaultValue>
      </command:parameter>
      <command:parameter required="true" variableLength="true" globbing="false" pipelineInput="False" position="2" aliases="none">
        <maml:name>CloudSecretAccessKey</maml:name>
        <maml:description>
          <maml:para>A value that's combined with the `-CloudAccessKeyID` to sign API requests. This is the secret access key (AWS) or secret (GCS) you get from your cloud provider.</maml:para>
        </maml:description>
        <command:parameterValue required="true" variableLength="false">String</command:parameterValue>
        <dev:type>
          <maml:name>String</maml:name>
          <maml:uri />
        </dev:type>
        <dev:defaultValue>None</dev:defaultValue>
      </command:parameter>
      <command:parameter required="false" variableLength="true" globbing="false" pipelineInput="False" position="3" aliases="none">
        <maml:name>EdgeRCFile</maml:name>
        <maml:description>
          <maml:para>Your EdgeGrid resource file to authenticate your command. Defaults to `~/.edgerc`.</maml:para>
        </maml:description>
        <command:parameterValue required="true" variableLength="false">String</command:parameterValue>
        <dev:type>
          <maml:name>String</maml:name>
          <maml:uri />
        </dev:type>
        <dev:defaultValue>None</dev:defaultValue>
      </command:parameter>
      <command:parameter required="false" variableLength="true" globbing="false" pipelineInput="False" position="4" aliases="none">
        <maml:name>Section</maml:name>
        <maml:description>
          <maml:para>The section name in your EdgeGrid resource file to retrieve authentication credentials from. Defaults to `default`.</maml:para>
        </maml:description>
        <command:parameterValue required="true" variableLength="false">String</command:parameterValue>
        <dev:type>
          <maml:name>String</maml:name>
          <maml:uri />
        </dev:type>
        <dev:defaultValue>None</dev:defaultValue>
      </command:parameter>
    </command:parameters>
    <command:inputTypes>
      <command:inputType>
        <dev:type>
          <maml:name>None</maml:name>
        </dev:type>
        <maml:description>
          <maml:para></maml:para>
        </maml:description>
      </command:inputType>
    </command:inputTypes>
    <command:returnValues>
      <command:returnValue>
        <dev:type>
          <maml:name>System.Object</maml:name>
        </dev:type>
        <maml:description>
          <maml:para></maml:para>
        </maml:description>
      </command:returnValue>
    </command:returnValues>
    <maml:alertSet>
      <maml:alert>
        <maml:para></maml:para>
      </maml:alert>
    </maml:alertSet>
    <command:examples />
    <command:relatedLinks>
      <maml:navigationLink>
        <maml:linkText>User Guide: Overview</maml:linkText>
        <maml:uri>https://techdocs.akamai.com/powershell/docs/overview</maml:uri>
      </maml:navigationLink>
      <maml:navigationLink>
        <maml:linkText>Function Reference</maml:linkText>
        <maml:uri>https://techdocs.akamai.com/powershell/docs/new-cloudaccesskeyversion</maml:uri>
      </maml:navigationLink>
      <maml:navigationLink>
        <maml:linkText>API Reference</maml:linkText>
        <maml:uri>https://techdocs.akamai.com/cloud-access-mgr/reference/post-access-key-version</maml:uri>
      </maml:navigationLink>
    </command:relatedLinks>
  </command:command>
  <command:command xmlns:maml="http://schemas.microsoft.com/maml/2004/10" xmlns:command="http://schemas.microsoft.com/maml/dev/command/2004/10" xmlns:dev="http://schemas.microsoft.com/maml/dev/2004/10" xmlns:MSHelp="http://msdn.microsoft.com/mshelp">
    <command:details>
      <command:name>New-CloudAccessLookup</command:name>
      <command:verb>New</command:verb>
      <command:noun>CloudAccessLookup</command:noun>
      <maml:description>
        <maml:para>Search properties for access keys.</maml:para>
      </maml:description>
    </command:details>
    <maml:description>
      <maml:para>Asynchronously searches for properties using a version of a cloud access key.</maml:para>
    </maml:description>
    <command:syntax>
      <command:syntaxItem>
        <maml:name>New-CloudAccessLookup</maml:name>
        <command:parameter required="true" variableLength="true" globbing="false" pipelineInput="False" position="0" aliases="none">
          <maml:name>AccessKeyUID</maml:name>
          <maml:description>
            <maml:para>Your access key's ID.</maml:para>
          </maml:description>
          <command:parameterValue required="true" variableLength="false">Int32</command:parameterValue>
          <dev:type>
            <maml:name>Int32</maml:name>
            <maml:uri />
          </dev:type>
          <dev:defaultValue>None</dev:defaultValue>
        </command:parameter>
        <command:parameter required="true" variableLength="true" globbing="false" pipelineInput="False" position="1" aliases="none">
          <maml:name>Version</maml:name>
          <maml:description>
            <maml:para>Your access key's version.</maml:para>
          </maml:description>
          <command:parameterValue required="true" variableLength="false">Int32</command:parameterValue>
          <dev:type>
            <maml:name>Int32</maml:name>
            <maml:uri />
          </dev:type>
          <dev:defaultValue>None</dev:defaultValue>
        </command:parameter>
        <command:parameter required="false" variableLength="true" globbing="false" pipelineInput="False" position="2" aliases="none">
          <maml:name>EdgeRCFile</maml:name>
          <maml:description>
            <maml:para>Your EdgeGrid resource file to authenticate your command. Defaults to `~/.edgerc`.</maml:para>
          </maml:description>
          <command:parameterValue required="true" variableLength="false">String</command:parameterValue>
          <dev:type>
            <maml:name>String</maml:name>
            <maml:uri />
          </dev:type>
          <dev:defaultValue>None</dev:defaultValue>
        </command:parameter>
        <command:parameter required="false" variableLength="true" globbing="false" pipelineInput="False" position="3" aliases="none">
          <maml:name>Section</maml:name>
          <maml:description>
            <maml:para>The section name in your EdgeGrid resource file to retrieve authentication credentials from. Defaults to `default`.</maml:para>
          </maml:description>
          <command:parameterValue required="true" variableLength="false">String</command:parameterValue>
          <dev:type>
            <maml:name>String</maml:name>
            <maml:uri />
          </dev:type>
          <dev:defaultValue>None</dev:defaultValue>
        </command:parameter>
        <command:parameter required="false" variableLength="true" globbing="false" pipelineInput="False" position="4" aliases="none">
          <maml:name>AccountSwitchKey</maml:name>
          <maml:description>
            <maml:para>An account credential key that lets you move between accounts when using an API client enabled for multiple accounts. To find account switch keys, use Get-AccountSwitchKey (https://techdocs.akamai.com/powershell/docs/get-accountswitchkey).</maml:para>
          </maml:description>
          <command:parameterValue required="true" variableLength="false">String</command:parameterValue>
          <dev:type>
            <maml:name>String</maml:name>
            <maml:uri />
          </dev:type>
          <dev:defaultValue>None</dev:defaultValue>
        </command:parameter>
      </command:syntaxItem>
    </command:syntax>
    <command:parameters>
      <command:parameter required="true" variableLength="true" globbing="false" pipelineInput="False" position="0" aliases="none">
        <maml:name>AccessKeyUID</maml:name>
        <maml:description>
          <maml:para>Your access key's ID.</maml:para>
        </maml:description>
        <command:parameterValue required="true" variableLength="false">Int32</command:parameterValue>
        <dev:type>
          <maml:name>Int32</maml:name>
          <maml:uri />
        </dev:type>
        <dev:defaultValue>None</dev:defaultValue>
      </command:parameter>
      <command:parameter required="false" variableLength="true" globbing="false" pipelineInput="False" position="4" aliases="none">
        <maml:name>AccountSwitchKey</maml:name>
        <maml:description>
          <maml:para>An account credential key that lets you move between accounts when using an API client enabled for multiple accounts. To find account switch keys, use Get-AccountSwitchKey (https://techdocs.akamai.com/powershell/docs/get-accountswitchkey).</maml:para>
        </maml:description>
        <command:parameterValue required="true" variableLength="false">String</command:parameterValue>
        <dev:type>
          <maml:name>String</maml:name>
          <maml:uri />
        </dev:type>
        <dev:defaultValue>None</dev:defaultValue>
      </command:parameter>
      <command:parameter required="false" variableLength="true" globbing="false" pipelineInput="False" position="2" aliases="none">
        <maml:name>EdgeRCFile</maml:name>
        <maml:description>
          <maml:para>Your EdgeGrid resource file to authenticate your command. Defaults to `~/.edgerc`.</maml:para>
        </maml:description>
        <command:parameterValue required="true" variableLength="false">String</command:parameterValue>
        <dev:type>
          <maml:name>String</maml:name>
          <maml:uri />
        </dev:type>
        <dev:defaultValue>None</dev:defaultValue>
      </command:parameter>
      <command:parameter required="false" variableLength="true" globbing="false" pipelineInput="False" position="3" aliases="none">
        <maml:name>Section</maml:name>
        <maml:description>
          <maml:para>The section name in your EdgeGrid resource file to retrieve authentication credentials from. Defaults to `default`.</maml:para>
        </maml:description>
        <command:parameterValue required="true" variableLength="false">String</command:parameterValue>
        <dev:type>
          <maml:name>String</maml:name>
          <maml:uri />
        </dev:type>
        <dev:defaultValue>None</dev:defaultValue>
      </command:parameter>
      <command:parameter required="true" variableLength="true" globbing="false" pipelineInput="False" position="1" aliases="none">
        <maml:name>Version</maml:name>
        <maml:description>
          <maml:para>Your access key's version.</maml:para>
        </maml:description>
        <command:parameterValue required="true" variableLength="false">Int32</command:parameterValue>
        <dev:type>
          <maml:name>Int32</maml:name>
          <maml:uri />
        </dev:type>
        <dev:defaultValue>None</dev:defaultValue>
      </command:parameter>
    </command:parameters>
    <command:inputTypes>
      <command:inputType>
        <dev:type>
          <maml:name>None</maml:name>
        </dev:type>
        <maml:description>
          <maml:para></maml:para>
        </maml:description>
      </command:inputType>
    </command:inputTypes>
    <command:returnValues>
      <command:returnValue>
        <dev:type>
          <maml:name>System.Object</maml:name>
        </dev:type>
        <maml:description>
          <maml:para></maml:para>
        </maml:description>
      </command:returnValue>
    </command:returnValues>
    <maml:alertSet>
      <maml:alert>
        <maml:para></maml:para>
      </maml:alert>
    </maml:alertSet>
    <command:examples />
    <command:relatedLinks>
      <maml:navigationLink>
        <maml:linkText>User Guide: Overview</maml:linkText>
        <maml:uri>https://techdocs.akamai.com/powershell/docs/overview</maml:uri>
      </maml:navigationLink>
      <maml:navigationLink>
        <maml:linkText>Function Reference</maml:linkText>
        <maml:uri>https://techdocs.akamai.com/powershell/docs/new-cloudaccesslookup</maml:uri>
      </maml:navigationLink>
      <maml:navigationLink>
        <maml:linkText>API Reference</maml:linkText>
        <maml:uri>https://techdocs.akamai.com/cloud-access-mgr/reference/get-async-version-property-lookup</maml:uri>
      </maml:navigationLink>
    </command:relatedLinks>
  </command:command>
  <command:command xmlns:maml="http://schemas.microsoft.com/maml/2004/10" xmlns:command="http://schemas.microsoft.com/maml/dev/command/2004/10" xmlns:dev="http://schemas.microsoft.com/maml/dev/2004/10" xmlns:MSHelp="http://msdn.microsoft.com/mshelp">
    <command:details>
      <command:name>Remove-CloudAccessKeyVersion</command:name>
      <command:verb>Remove</command:verb>
      <command:noun>CloudAccessKeyVersion</command:noun>
      <maml:description>
        <maml:para>Delete an access key version.</maml:para>
      </maml:description>
    </command:details>
    <maml:description>
      <maml:para>Deletes a specific version of an access key. </maml:para>
      <maml:para>&gt; Note: You can't delete an access key version if it is still in use.</maml:para>
    </maml:description>
    <command:syntax>
      <command:syntaxItem>
        <maml:name>Remove-CloudAccessKeyVersion</maml:name>
        <command:parameter required="true" variableLength="true" globbing="false" pipelineInput="False" position="0" aliases="none">
          <maml:name>AccessKeyUID</maml:name>
          <maml:description>
            <maml:para>Your access key's ID.</maml:para>
          </maml:description>
          <command:parameterValue required="true" variableLength="false">Int32</command:parameterValue>
          <dev:type>
            <maml:name>Int32</maml:name>
            <maml:uri />
          </dev:type>
          <dev:defaultValue>None</dev:defaultValue>
        </command:parameter>
        <command:parameter required="true" variableLength="true" globbing="false" pipelineInput="False" position="1" aliases="none">
          <maml:name>Version</maml:name>
          <maml:description>
            <maml:para>Your access key's version.</maml:para>
          </maml:description>
          <command:parameterValue required="true" variableLength="false">Int32</command:parameterValue>
          <dev:type>
            <maml:name>Int32</maml:name>
            <maml:uri />
          </dev:type>
          <dev:defaultValue>None</dev:defaultValue>
        </command:parameter>
        <command:parameter required="false" variableLength="true" globbing="false" pipelineInput="False" position="2" aliases="none">
          <maml:name>EdgeRCFile</maml:name>
          <maml:description>
            <maml:para>Your EdgeGrid resource file to authenticate your command. Defaults to `~/.edgerc`.</maml:para>
          </maml:description>
          <command:parameterValue required="true" variableLength="false">String</command:parameterValue>
          <dev:type>
            <maml:name>String</maml:name>
            <maml:uri />
          </dev:type>
          <dev:defaultValue>None</dev:defaultValue>
        </command:parameter>
        <command:parameter required="false" variableLength="true" globbing="false" pipelineInput="False" position="3" aliases="none">
          <maml:name>Section</maml:name>
          <maml:description>
            <maml:para>The section name in your EdgeGrid resource file to retrieve authentication credentials from. Defaults to `default`.</maml:para>
          </maml:description>
          <command:parameterValue required="true" variableLength="false">String</command:parameterValue>
          <dev:type>
            <maml:name>String</maml:name>
            <maml:uri />
          </dev:type>
          <dev:defaultValue>None</dev:defaultValue>
        </command:parameter>
        <command:parameter required="false" variableLength="true" globbing="false" pipelineInput="False" position="4" aliases="none">
          <maml:name>AccountSwitchKey</maml:name>
          <maml:description>
            <maml:para>An account credential key that lets you move between accounts when using an API client enabled for multiple accounts. To find account switch keys, use Get-AccountSwitchKey (https://techdocs.akamai.com/powershell/docs/get-accountswitchkey).</maml:para>
          </maml:description>
          <command:parameterValue required="true" variableLength="false">String</command:parameterValue>
          <dev:type>
            <maml:name>String</maml:name>
            <maml:uri />
          </dev:type>
          <dev:defaultValue>None</dev:defaultValue>
        </command:parameter>
      </command:syntaxItem>
    </command:syntax>
    <command:parameters>
      <command:parameter required="true" variableLength="true" globbing="false" pipelineInput="False" position="0" aliases="none">
        <maml:name>AccessKeyUID</maml:name>
        <maml:description>
          <maml:para>Your access key's ID.</maml:para>
        </maml:description>
        <command:parameterValue required="true" variableLength="false">Int32</command:parameterValue>
        <dev:type>
          <maml:name>Int32</maml:name>
          <maml:uri />
        </dev:type>
        <dev:defaultValue>None</dev:defaultValue>
      </command:parameter>
      <command:parameter required="false" variableLength="true" globbing="false" pipelineInput="False" position="4" aliases="none">
        <maml:name>AccountSwitchKey</maml:name>
        <maml:description>
          <maml:para>An account credential key that lets you move between accounts when using an API client enabled for multiple accounts. To find account switch keys, use Get-AccountSwitchKey (https://techdocs.akamai.com/powershell/docs/get-accountswitchkey).</maml:para>
        </maml:description>
        <command:parameterValue required="true" variableLength="false">String</command:parameterValue>
        <dev:type>
          <maml:name>String</maml:name>
          <maml:uri />
        </dev:type>
        <dev:defaultValue>None</dev:defaultValue>
      </command:parameter>
      <command:parameter required="false" variableLength="true" globbing="false" pipelineInput="False" position="2" aliases="none">
        <maml:name>EdgeRCFile</maml:name>
        <maml:description>
          <maml:para>Your EdgeGrid resource file to authenticate your command. Defaults to `~/.edgerc`.</maml:para>
        </maml:description>
        <command:parameterValue required="true" variableLength="false">String</command:parameterValue>
        <dev:type>
          <maml:name>String</maml:name>
          <maml:uri />
        </dev:type>
        <dev:defaultValue>None</dev:defaultValue>
      </command:parameter>
      <command:parameter required="false" variableLength="true" globbing="false" pipelineInput="False" position="3" aliases="none">
        <maml:name>Section</maml:name>
        <maml:description>
          <maml:para>The section name in your EdgeGrid resource file to retrieve authentication credentials from. Defaults to `default`.</maml:para>
        </maml:description>
        <command:parameterValue required="true" variableLength="false">String</command:parameterValue>
        <dev:type>
          <maml:name>String</maml:name>
          <maml:uri />
        </dev:type>
        <dev:defaultValue>None</dev:defaultValue>
      </command:parameter>
      <command:parameter required="true" variableLength="true" globbing="false" pipelineInput="False" position="1" aliases="none">
        <maml:name>Version</maml:name>
        <maml:description>
          <maml:para>Your access key's version.</maml:para>
        </maml:description>
        <command:parameterValue required="true" variableLength="false">Int32</command:parameterValue>
        <dev:type>
          <maml:name>Int32</maml:name>
          <maml:uri />
        </dev:type>
        <dev:defaultValue>None</dev:defaultValue>
      </command:parameter>
    </command:parameters>
    <command:inputTypes>
      <command:inputType>
        <dev:type>
          <maml:name>None</maml:name>
        </dev:type>
        <maml:description>
          <maml:para></maml:para>
        </maml:description>
      </command:inputType>
    </command:inputTypes>
    <command:returnValues>
      <command:returnValue>
        <dev:type>
          <maml:name>System.Object</maml:name>
        </dev:type>
        <maml:description>
          <maml:para></maml:para>
        </maml:description>
      </command:returnValue>
    </command:returnValues>
    <maml:alertSet>
      <maml:alert>
        <maml:para></maml:para>
      </maml:alert>
    </maml:alertSet>
    <command:examples />
    <command:relatedLinks>
      <maml:navigationLink>
        <maml:linkText>User Guide: Overview</maml:linkText>
        <maml:uri>https://techdocs.akamai.com/powershell/docs/overview</maml:uri>
      </maml:navigationLink>
      <maml:navigationLink>
        <maml:linkText>Function Reference</maml:linkText>
        <maml:uri>https://techdocs.akamai.com/powershell/docs/remove-cloudaccesskeyversion</maml:uri>
      </maml:navigationLink>
      <maml:navigationLink>
        <maml:linkText>API Reference</maml:linkText>
        <maml:uri>https://techdocs.akamai.com/cloud-access-mgr/reference/delete-access-key-version</maml:uri>
      </maml:navigationLink>
    </command:relatedLinks>
  </command:command>
</helpItems>