﻿<?xml version="1.0" encoding="utf-8"?>
<helpItems schema="maml" xmlns="http://msh">
  <command:command xmlns:maml="http://schemas.microsoft.com/maml/2004/10" xmlns:command="http://schemas.microsoft.com/maml/dev/command/2004/10" xmlns:dev="http://schemas.microsoft.com/maml/dev/2004/10" xmlns:MSHelp="http://msdn.microsoft.com/mshelp">
    <command:details>
      <command:name>Get-Contract</command:name>
      <command:verb>Get</command:verb>
      <command:noun>Contract</command:noun>
      <maml:description>
        <maml:para>Get contracts.</maml:para>
      </maml:description>
    </command:details>
    <maml:description>
      <maml:para>Gets the list of contracts to which you have access.</maml:para>
    </maml:description>
    <command:syntax>
      <command:syntaxItem>
        <maml:name>Get-Contract</maml:name>
        <command:parameter required="false" variableLength="true" globbing="false" pipelineInput="False" position="0" aliases="none">
          <maml:name>Depth</maml:name>
          <maml:description>
            <maml:para>Returns a specific set of contracts. Select `TOP` to return only parent contracts, or `ALL` to return both parent and child contracts.</maml:para>
          </maml:description>
          <command:parameterValueGroup>
            <command:parameterValue required="false" command:variableLength="false">TOP</command:parameterValue>
            <command:parameterValue required="false" command:variableLength="false">ALL</command:parameterValue>
          </command:parameterValueGroup>
          <command:parameterValue required="true" variableLength="false">String</command:parameterValue>
          <dev:type>
            <maml:name>String</maml:name>
            <maml:uri />
          </dev:type>
          <dev:defaultValue>None</dev:defaultValue>
        </command:parameter>
        <command:parameter required="false" variableLength="true" globbing="false" pipelineInput="False" position="1" aliases="none">
          <maml:name>EdgeRCFile</maml:name>
          <maml:description>
            <maml:para>Your EdgeGrid resource file to authenticate your command. Defaults to `~/.edgerc`.</maml:para>
          </maml:description>
          <command:parameterValue required="true" variableLength="false">String</command:parameterValue>
          <dev:type>
            <maml:name>String</maml:name>
            <maml:uri />
          </dev:type>
          <dev:defaultValue>None</dev:defaultValue>
        </command:parameter>
        <command:parameter required="false" variableLength="true" globbing="false" pipelineInput="False" position="2" aliases="none">
          <maml:name>Section</maml:name>
          <maml:description>
            <maml:para>The section name in your EdgeGrid resource file to retrieve authentication credentials from. Defaults to `default`.</maml:para>
          </maml:description>
          <command:parameterValue required="true" variableLength="false">String</command:parameterValue>
          <dev:type>
            <maml:name>String</maml:name>
            <maml:uri />
          </dev:type>
          <dev:defaultValue>None</dev:defaultValue>
        </command:parameter>
        <command:parameter required="false" variableLength="true" globbing="false" pipelineInput="False" position="3" aliases="none">
          <maml:name>AccountSwitchKey</maml:name>
          <maml:description>
            <maml:para>An account credential key that lets you move between accounts when using an API client enabled for multiple accounts. To find account switch keys, use Get-AccountSwitchKey (https://techdocs.akamai.com/powershell/docs/get-accountswitchkey).</maml:para>
          </maml:description>
          <command:parameterValue required="true" variableLength="false">String</command:parameterValue>
          <dev:type>
            <maml:name>String</maml:name>
            <maml:uri />
          </dev:type>
          <dev:defaultValue>None</dev:defaultValue>
        </command:parameter>
      </command:syntaxItem>
    </command:syntax>
    <command:parameters>
      <command:parameter required="false" variableLength="true" globbing="false" pipelineInput="False" position="3" aliases="none">
        <maml:name>AccountSwitchKey</maml:name>
        <maml:description>
          <maml:para>An account credential key that lets you move between accounts when using an API client enabled for multiple accounts. To find account switch keys, use Get-AccountSwitchKey (https://techdocs.akamai.com/powershell/docs/get-accountswitchkey).</maml:para>
        </maml:description>
        <command:parameterValue required="true" variableLength="false">String</command:parameterValue>
        <dev:type>
          <maml:name>String</maml:name>
          <maml:uri />
        </dev:type>
        <dev:defaultValue>None</dev:defaultValue>
      </command:parameter>
      <command:parameter required="false" variableLength="true" globbing="false" pipelineInput="False" position="0" aliases="none">
        <maml:name>Depth</maml:name>
        <maml:description>
          <maml:para>Returns a specific set of contracts. Select `TOP` to return only parent contracts, or `ALL` to return both parent and child contracts.</maml:para>
        </maml:description>
        <command:parameterValue required="true" variableLength="false">String</command:parameterValue>
        <dev:type>
          <maml:name>String</maml:name>
          <maml:uri />
        </dev:type>
        <dev:defaultValue>None</dev:defaultValue>
      </command:parameter>
      <command:parameter required="false" variableLength="true" globbing="false" pipelineInput="False" position="1" aliases="none">
        <maml:name>EdgeRCFile</maml:name>
        <maml:description>
          <maml:para>Your EdgeGrid resource file to authenticate your command. Defaults to `~/.edgerc`.</maml:para>
        </maml:description>
        <command:parameterValue required="true" variableLength="false">String</command:parameterValue>
        <dev:type>
          <maml:name>String</maml:name>
          <maml:uri />
        </dev:type>
        <dev:defaultValue>None</dev:defaultValue>
      </command:parameter>
      <command:parameter required="false" variableLength="true" globbing="false" pipelineInput="False" position="2" aliases="none">
        <maml:name>Section</maml:name>
        <maml:description>
          <maml:para>The section name in your EdgeGrid resource file to retrieve authentication credentials from. Defaults to `default`.</maml:para>
        </maml:description>
        <command:parameterValue required="true" variableLength="false">String</command:parameterValue>
        <dev:type>
          <maml:name>String</maml:name>
          <maml:uri />
        </dev:type>
        <dev:defaultValue>None</dev:defaultValue>
      </command:parameter>
    </command:parameters>
    <command:inputTypes>
      <command:inputType>
        <dev:type>
          <maml:name>None</maml:name>
        </dev:type>
        <maml:description>
          <maml:para></maml:para>
        </maml:description>
      </command:inputType>
    </command:inputTypes>
    <command:returnValues>
      <command:returnValue>
        <dev:type>
          <maml:name>System.Object</maml:name>
        </dev:type>
        <maml:description>
          <maml:para></maml:para>
        </maml:description>
      </command:returnValue>
    </command:returnValues>
    <maml:alertSet>
      <maml:alert>
        <maml:para></maml:para>
      </maml:alert>
    </maml:alertSet>
    <command:examples />
    <command:relatedLinks>
      <maml:navigationLink>
        <maml:linkText>User Guide: Overview</maml:linkText>
        <maml:uri>https://techdocs.akamai.com/powershell/docs/overview</maml:uri>
      </maml:navigationLink>
      <maml:navigationLink>
        <maml:linkText>Function Reference</maml:linkText>
        <maml:uri>https://techdocs.akamai.com/powershell/docs/get-contract</maml:uri>
      </maml:navigationLink>
      <maml:navigationLink>
        <maml:linkText>API Reference</maml:linkText>
        <maml:uri>https://techdocs.akamai.com/contract-api/reference/get-contract-ids</maml:uri>
      </maml:navigationLink>
    </command:relatedLinks>
  </command:command>
  <command:command xmlns:maml="http://schemas.microsoft.com/maml/2004/10" xmlns:command="http://schemas.microsoft.com/maml/dev/command/2004/10" xmlns:dev="http://schemas.microsoft.com/maml/dev/2004/10" xmlns:MSHelp="http://msdn.microsoft.com/mshelp">
    <command:details>
      <command:name>Get-ProductsPerContract</command:name>
      <command:verb>Get</command:verb>
      <command:noun>ProductsPerContract</command:noun>
      <maml:description>
        <maml:para>Get products per contract.</maml:para>
      </maml:description>
    </command:details>
    <maml:description>
      <maml:para>Gets the IDs and names of the products associated with a contract for the time frame selected.</maml:para>
    </maml:description>
    <command:syntax>
      <command:syntaxItem>
        <maml:name>Get-ProductsPerContract</maml:name>
        <command:parameter required="true" variableLength="true" globbing="false" pipelineInput="False" position="0" aliases="none">
          <maml:name>ContractID</maml:name>
          <maml:description>
            <maml:para>Your contract's ID.</maml:para>
          </maml:description>
          <command:parameterValue required="true" variableLength="false">String</command:parameterValue>
          <dev:type>
            <maml:name>String</maml:name>
            <maml:uri />
          </dev:type>
          <dev:defaultValue>None</dev:defaultValue>
        </command:parameter>
        <command:parameter required="false" variableLength="true" globbing="false" pipelineInput="False" position="1" aliases="none">
          <maml:name>From</maml:name>
          <maml:description>
            <maml:para>The start date, in UTC, to use when looking for products associated with a contract. The search always begins at midnight (0:00) UTC of the specified date. The default start date is 30 days before the current date. </maml:para>
            <maml:para>For current contracts, you can select a date within the past 15 months of the current date. For expired contracts, you are limited to a date range of 30 days within the 15-month window.</maml:para>
          </maml:description>
          <command:parameterValue required="true" variableLength="false">String</command:parameterValue>
          <dev:type>
            <maml:name>String</maml:name>
            <maml:uri />
          </dev:type>
          <dev:defaultValue>None</dev:defaultValue>
        </command:parameter>
        <command:parameter required="false" variableLength="true" globbing="false" pipelineInput="False" position="2" aliases="none">
          <maml:name>To</maml:name>
          <maml:description>
            <maml:para>The end date, in UTC, to use when looking for products associated with a contract. The search always ends at 23:59:59 UTC at the specified date. The default end date is the current date.</maml:para>
          </maml:description>
          <command:parameterValue required="true" variableLength="false">String</command:parameterValue>
          <dev:type>
            <maml:name>String</maml:name>
            <maml:uri />
          </dev:type>
          <dev:defaultValue>None</dev:defaultValue>
        </command:parameter>
        <command:parameter required="false" variableLength="true" globbing="false" pipelineInput="False" position="3" aliases="none">
          <maml:name>EdgeRCFile</maml:name>
          <maml:description>
            <maml:para>Your EdgeGrid resource file to authenticate your command. Defaults to `~/.edgerc`.</maml:para>
          </maml:description>
          <command:parameterValue required="true" variableLength="false">String</command:parameterValue>
          <dev:type>
            <maml:name>String</maml:name>
            <maml:uri />
          </dev:type>
          <dev:defaultValue>None</dev:defaultValue>
        </command:parameter>
        <command:parameter required="false" variableLength="true" globbing="false" pipelineInput="False" position="4" aliases="none">
          <maml:name>Section</maml:name>
          <maml:description>
            <maml:para>The section name in your EdgeGrid resource file to retrieve authentication credentials from. Defaults to `default`.</maml:para>
          </maml:description>
          <command:parameterValue required="true" variableLength="false">String</command:parameterValue>
          <dev:type>
            <maml:name>String</maml:name>
            <maml:uri />
          </dev:type>
          <dev:defaultValue>None</dev:defaultValue>
        </command:parameter>
        <command:parameter required="false" variableLength="true" globbing="false" pipelineInput="False" position="5" aliases="none">
          <maml:name>AccountSwitchKey</maml:name>
          <maml:description>
            <maml:para>An account credential key that lets you move between accounts when using an API client enabled for multiple accounts. To find account switch keys, use Get-AccountSwitchKey (https://techdocs.akamai.com/powershell/docs/get-accountswitchkey).</maml:para>
          </maml:description>
          <command:parameterValue required="true" variableLength="false">String</command:parameterValue>
          <dev:type>
            <maml:name>String</maml:name>
            <maml:uri />
          </dev:type>
          <dev:defaultValue>None</dev:defaultValue>
        </command:parameter>
      </command:syntaxItem>
    </command:syntax>
    <command:parameters>
      <command:parameter required="false" variableLength="true" globbing="false" pipelineInput="False" position="5" aliases="none">
        <maml:name>AccountSwitchKey</maml:name>
        <maml:description>
          <maml:para>An account credential key that lets you move between accounts when using an API client enabled for multiple accounts. To find account switch keys, use Get-AccountSwitchKey (https://techdocs.akamai.com/powershell/docs/get-accountswitchkey).</maml:para>
        </maml:description>
        <command:parameterValue required="true" variableLength="false">String</command:parameterValue>
        <dev:type>
          <maml:name>String</maml:name>
          <maml:uri />
        </dev:type>
        <dev:defaultValue>None</dev:defaultValue>
      </command:parameter>
      <command:parameter required="true" variableLength="true" globbing="false" pipelineInput="False" position="0" aliases="none">
        <maml:name>ContractID</maml:name>
        <maml:description>
          <maml:para>Your contract's ID.</maml:para>
        </maml:description>
        <command:parameterValue required="true" variableLength="false">String</command:parameterValue>
        <dev:type>
          <maml:name>String</maml:name>
          <maml:uri />
        </dev:type>
        <dev:defaultValue>None</dev:defaultValue>
      </command:parameter>
      <command:parameter required="false" variableLength="true" globbing="false" pipelineInput="False" position="3" aliases="none">
        <maml:name>EdgeRCFile</maml:name>
        <maml:description>
          <maml:para>Your EdgeGrid resource file to authenticate your command. Defaults to `~/.edgerc`.</maml:para>
        </maml:description>
        <command:parameterValue required="true" variableLength="false">String</command:parameterValue>
        <dev:type>
          <maml:name>String</maml:name>
          <maml:uri />
        </dev:type>
        <dev:defaultValue>None</dev:defaultValue>
      </command:parameter>
      <command:parameter required="false" variableLength="true" globbing="false" pipelineInput="False" position="1" aliases="none">
        <maml:name>From</maml:name>
        <maml:description>
          <maml:para>The start date, in UTC, to use when looking for products associated with a contract. The search always begins at midnight (0:00) UTC of the specified date. The default start date is 30 days before the current date. </maml:para>
          <maml:para>For current contracts, you can select a date within the past 15 months of the current date. For expired contracts, you are limited to a date range of 30 days within the 15-month window.</maml:para>
        </maml:description>
        <command:parameterValue required="true" variableLength="false">String</command:parameterValue>
        <dev:type>
          <maml:name>String</maml:name>
          <maml:uri />
        </dev:type>
        <dev:defaultValue>None</dev:defaultValue>
      </command:parameter>
      <command:parameter required="false" variableLength="true" globbing="false" pipelineInput="False" position="4" aliases="none">
        <maml:name>Section</maml:name>
        <maml:description>
          <maml:para>The section name in your EdgeGrid resource file to retrieve authentication credentials from. Defaults to `default`.</maml:para>
        </maml:description>
        <command:parameterValue required="true" variableLength="false">String</command:parameterValue>
        <dev:type>
          <maml:name>String</maml:name>
          <maml:uri />
        </dev:type>
        <dev:defaultValue>None</dev:defaultValue>
      </command:parameter>
      <command:parameter required="false" variableLength="true" globbing="false" pipelineInput="False" position="2" aliases="none">
        <maml:name>To</maml:name>
        <maml:description>
          <maml:para>The end date, in UTC, to use when looking for products associated with a contract. The search always ends at 23:59:59 UTC at the specified date. The default end date is the current date.</maml:para>
        </maml:description>
        <command:parameterValue required="true" variableLength="false">String</command:parameterValue>
        <dev:type>
          <maml:name>String</maml:name>
          <maml:uri />
        </dev:type>
        <dev:defaultValue>None</dev:defaultValue>
      </command:parameter>
    </command:parameters>
    <command:inputTypes>
      <command:inputType>
        <dev:type>
          <maml:name>None</maml:name>
        </dev:type>
        <maml:description>
          <maml:para></maml:para>
        </maml:description>
      </command:inputType>
    </command:inputTypes>
    <command:returnValues>
      <command:returnValue>
        <dev:type>
          <maml:name>System.Object</maml:name>
        </dev:type>
        <maml:description>
          <maml:para></maml:para>
        </maml:description>
      </command:returnValue>
    </command:returnValues>
    <maml:alertSet>
      <maml:alert>
        <maml:para></maml:para>
      </maml:alert>
    </maml:alertSet>
    <command:examples />
    <command:relatedLinks>
      <maml:navigationLink>
        <maml:linkText>User Guide: Overview</maml:linkText>
        <maml:uri>https://techdocs.akamai.com/powershell/docs/overview</maml:uri>
      </maml:navigationLink>
      <maml:navigationLink>
        <maml:linkText>Function Reference</maml:linkText>
        <maml:uri>https://techdocs.akamai.com/powershell/docs/get-productspercontract</maml:uri>
      </maml:navigationLink>
      <maml:navigationLink>
        <maml:linkText>API Reference</maml:linkText>
        <maml:uri>https://techdocs.akamai.com/contract-api/reference/get-contract-product-summaries</maml:uri>
      </maml:navigationLink>
    </command:relatedLinks>
  </command:command>
  <command:command xmlns:maml="http://schemas.microsoft.com/maml/2004/10" xmlns:command="http://schemas.microsoft.com/maml/dev/command/2004/10" xmlns:dev="http://schemas.microsoft.com/maml/dev/2004/10" xmlns:MSHelp="http://msdn.microsoft.com/mshelp">
    <command:details>
      <command:name>Get-ProductsPerReportingGroup</command:name>
      <command:verb>Get</command:verb>
      <command:noun>ProductsPerReportingGroup</command:noun>
      <maml:description>
        <maml:para>Get products per reporting group.</maml:para>
      </maml:description>
    </command:details>
    <maml:description>
      <maml:para>Gets the IDs and names of the products associated with the reporting group for the time frame selected. To run this operation, your user account needs the CP Code Rep Group role.</maml:para>
    </maml:description>
    <command:syntax>
      <command:syntaxItem>
        <maml:name>Get-ProductsPerReportingGroup</maml:name>
        <command:parameter required="true" variableLength="true" globbing="false" pipelineInput="False" position="0" aliases="none">
          <maml:name>ReportingGroupID</maml:name>
          <maml:description>
            <maml:para>Your CP code reporting group's ID.</maml:para>
          </maml:description>
          <command:parameterValue required="true" variableLength="false">String</command:parameterValue>
          <dev:type>
            <maml:name>String</maml:name>
            <maml:uri />
          </dev:type>
          <dev:defaultValue>None</dev:defaultValue>
        </command:parameter>
        <command:parameter required="false" variableLength="true" globbing="false" pipelineInput="False" position="1" aliases="none">
          <maml:name>From</maml:name>
          <maml:description>
            <maml:para>The start date, in UTC, to use when looking for products associated with a contract. The search always begins at midnight (0:00) UTC of the specified date. The default start date is 30 days before the current date. </maml:para>
            <maml:para>For current contracts, you can select a date within the past 15 months of the current date. For expired contracts, you are limited to a date range of 30 days within the 15-month window.</maml:para>
          </maml:description>
          <command:parameterValue required="true" variableLength="false">String</command:parameterValue>
          <dev:type>
            <maml:name>String</maml:name>
            <maml:uri />
          </dev:type>
          <dev:defaultValue>None</dev:defaultValue>
        </command:parameter>
        <command:parameter required="false" variableLength="true" globbing="false" pipelineInput="False" position="2" aliases="none">
          <maml:name>To</maml:name>
          <maml:description>
            <maml:para>The end date, in UTC, to use when looking for products associated with a contract. The search always ends at 23:59:59 UTC at the specified date. The default end date is the current date.</maml:para>
          </maml:description>
          <command:parameterValue required="true" variableLength="false">String</command:parameterValue>
          <dev:type>
            <maml:name>String</maml:name>
            <maml:uri />
          </dev:type>
          <dev:defaultValue>None</dev:defaultValue>
        </command:parameter>
        <command:parameter required="false" variableLength="true" globbing="false" pipelineInput="False" position="3" aliases="none">
          <maml:name>EdgeRCFile</maml:name>
          <maml:description>
            <maml:para>Your EdgeGrid resource file to authenticate your command. Defaults to `~/.edgerc`.</maml:para>
          </maml:description>
          <command:parameterValue required="true" variableLength="false">String</command:parameterValue>
          <dev:type>
            <maml:name>String</maml:name>
            <maml:uri />
          </dev:type>
          <dev:defaultValue>None</dev:defaultValue>
        </command:parameter>
        <command:parameter required="false" variableLength="true" globbing="false" pipelineInput="False" position="4" aliases="none">
          <maml:name>Section</maml:name>
          <maml:description>
            <maml:para>The section name in your EdgeGrid resource file to retrieve authentication credentials from. Defaults to `default`.</maml:para>
          </maml:description>
          <command:parameterValue required="true" variableLength="false">String</command:parameterValue>
          <dev:type>
            <maml:name>String</maml:name>
            <maml:uri />
          </dev:type>
          <dev:defaultValue>None</dev:defaultValue>
        </command:parameter>
        <command:parameter required="false" variableLength="true" globbing="false" pipelineInput="False" position="5" aliases="none">
          <maml:name>AccountSwitchKey</maml:name>
          <maml:description>
            <maml:para>An account credential key that lets you move between accounts when using an API client enabled for multiple accounts. To find account switch keys, use Get-AccountSwitchKey (https://techdocs.akamai.com/powershell/docs/get-accountswitchkey).</maml:para>
          </maml:description>
          <command:parameterValue required="true" variableLength="false">String</command:parameterValue>
          <dev:type>
            <maml:name>String</maml:name>
            <maml:uri />
          </dev:type>
          <dev:defaultValue>None</dev:defaultValue>
        </command:parameter>
      </command:syntaxItem>
    </command:syntax>
    <command:parameters>
      <command:parameter required="false" variableLength="true" globbing="false" pipelineInput="False" position="5" aliases="none">
        <maml:name>AccountSwitchKey</maml:name>
        <maml:description>
          <maml:para>An account credential key that lets you move between accounts when using an API client enabled for multiple accounts. To find account switch keys, use Get-AccountSwitchKey (https://techdocs.akamai.com/powershell/docs/get-accountswitchkey).</maml:para>
        </maml:description>
        <command:parameterValue required="true" variableLength="false">String</command:parameterValue>
        <dev:type>
          <maml:name>String</maml:name>
          <maml:uri />
        </dev:type>
        <dev:defaultValue>None</dev:defaultValue>
      </command:parameter>
      <command:parameter required="false" variableLength="true" globbing="false" pipelineInput="False" position="3" aliases="none">
        <maml:name>EdgeRCFile</maml:name>
        <maml:description>
          <maml:para>Your EdgeGrid resource file to authenticate your command. Defaults to `~/.edgerc`.</maml:para>
        </maml:description>
        <command:parameterValue required="true" variableLength="false">String</command:parameterValue>
        <dev:type>
          <maml:name>String</maml:name>
          <maml:uri />
        </dev:type>
        <dev:defaultValue>None</dev:defaultValue>
      </command:parameter>
      <command:parameter required="false" variableLength="true" globbing="false" pipelineInput="False" position="1" aliases="none">
        <maml:name>From</maml:name>
        <maml:description>
          <maml:para>The start date, in UTC, to use when looking for products associated with a contract. The search always begins at midnight (0:00) UTC of the specified date. The default start date is 30 days before the current date. </maml:para>
          <maml:para>For current contracts, you can select a date within the past 15 months of the current date. For expired contracts, you are limited to a date range of 30 days within the 15-month window.</maml:para>
        </maml:description>
        <command:parameterValue required="true" variableLength="false">String</command:parameterValue>
        <dev:type>
          <maml:name>String</maml:name>
          <maml:uri />
        </dev:type>
        <dev:defaultValue>None</dev:defaultValue>
      </command:parameter>
      <command:parameter required="true" variableLength="true" globbing="false" pipelineInput="False" position="0" aliases="none">
        <maml:name>ReportingGroupID</maml:name>
        <maml:description>
          <maml:para>Your CP code reporting group's ID.</maml:para>
        </maml:description>
        <command:parameterValue required="true" variableLength="false">String</command:parameterValue>
        <dev:type>
          <maml:name>String</maml:name>
          <maml:uri />
        </dev:type>
        <dev:defaultValue>None</dev:defaultValue>
      </command:parameter>
      <command:parameter required="false" variableLength="true" globbing="false" pipelineInput="False" position="4" aliases="none">
        <maml:name>Section</maml:name>
        <maml:description>
          <maml:para>The section name in your EdgeGrid resource file to retrieve authentication credentials from. Defaults to `default`.</maml:para>
        </maml:description>
        <command:parameterValue required="true" variableLength="false">String</command:parameterValue>
        <dev:type>
          <maml:name>String</maml:name>
          <maml:uri />
        </dev:type>
        <dev:defaultValue>None</dev:defaultValue>
      </command:parameter>
      <command:parameter required="false" variableLength="true" globbing="false" pipelineInput="False" position="2" aliases="none">
        <maml:name>To</maml:name>
        <maml:description>
          <maml:para>The end date, in UTC, to use when looking for products associated with a contract. The search always ends at 23:59:59 UTC at the specified date. The default end date is the current date.</maml:para>
        </maml:description>
        <command:parameterValue required="true" variableLength="false">String</command:parameterValue>
        <dev:type>
          <maml:name>String</maml:name>
          <maml:uri />
        </dev:type>
        <dev:defaultValue>None</dev:defaultValue>
      </command:parameter>
    </command:parameters>
    <command:inputTypes>
      <command:inputType>
        <dev:type>
          <maml:name>None</maml:name>
        </dev:type>
        <maml:description>
          <maml:para></maml:para>
        </maml:description>
      </command:inputType>
    </command:inputTypes>
    <command:returnValues>
      <command:returnValue>
        <dev:type>
          <maml:name>System.Object</maml:name>
        </dev:type>
        <maml:description>
          <maml:para></maml:para>
        </maml:description>
      </command:returnValue>
    </command:returnValues>
    <maml:alertSet>
      <maml:alert>
        <maml:para></maml:para>
      </maml:alert>
    </maml:alertSet>
    <command:examples />
    <command:relatedLinks>
      <maml:navigationLink>
        <maml:linkText>User Guide: Overview</maml:linkText>
        <maml:uri>https://techdocs.akamai.com/powershell/docs/overview</maml:uri>
      </maml:navigationLink>
      <maml:navigationLink>
        <maml:linkText>Function Reference</maml:linkText>
        <maml:uri>https://techdocs.akamai.com/powershell/docs/get-productsperreportinggroup</maml:uri>
      </maml:navigationLink>
      <maml:navigationLink>
        <maml:linkText>API Reference</maml:linkText>
        <maml:uri>https://techdocs.akamai.com/contract-api/reference/get-group-products-summaries</maml:uri>
      </maml:navigationLink>
    </command:relatedLinks>
  </command:command>
</helpItems>